用例编号,所属产品,所属模块,相关研发需求,用例标题,前置条件,步骤,预期,实际情况,关键词,优先级,用例类型,适用阶段,用例状态,B,R,S,结果,由谁创建,创建日期,最后修改者,修改日期,用例版本,相关用例,附件
453,温州市公共机构节能管理平台(#38),/用能总览(#115),,基础功能管理--省统建系统--省能耗统计--测试用例,"URL：http://121.40.61.197:9000/wzjngl/#/
账号：admin 密码：123456
浏览器：谷歌104版本
帐号已登录","1. 省能耗统计
1.1. 点击省统建系统-省能耗统计","1. 
1.1. 跳转至浙江省能耗资源消费系统","跳转成功1. 
1.1. 跳转成功",,3,功能测试,"
功能测试阶段",正常,0,1,1,通过,王梦臣,2022/11/3,王梦臣,2022/11/3,2,,
452,温州市公共机构节能管理平台(#38),/能源项目管理(#122),,能源项目管理--服务商管理--测试用例,"账号：330300C000001 密码：zj123456
URL：http://121.40.61.197:9000/wzjngl/
浏览器：谷歌103版本","1. 服务商管理
1.1. 点击能源项目管理--服务商管理
2. 新增
2.1. 点击新增
2.2. 输入服务商名称（温州市服务经销商）服务商类型选择（服务商类型）区域选择（温州市）点击确定
2.3. 输入服务商名称（温州市服务经销商）服务商类型选择（服务商类型）区域选择（温州市）点击确定
2.4. 输入服务商名称（）服务商类型选择（服务商类型）区域选择（温州市）点击确定
2.5. 输入服务商名称（空白格）服务商类型选择（服务商类型）区域选择（温州市）点击确定
2.6. 输入服务商名称（温州市服务经销商）服务商类型选择（服务商类型）区域选择（）点击确定
2.7. 输入服务商名称（超长字符串）服务商类型选择（服务商类型）区域选择（温州市）点击确定
2.8. 输入服务商名称（英文、数字、字符）服务商类型选择（服务商类型）区域选择（温州市）点击确定
3. 编辑
3.1. 重复新增用例","1. 
1.1. 默认显示已创建服务商
2. 
2.1. 新增按键生效、弹出新增界面小窗
2.2. 保存成功，显示新增项
2.3. 提示已有重复指标
2.4. 提示请输入指标名称
2.5. 无法输入/无法保存
2.6. 新增失败请选择区域
2.7. 无法保存
2.8. 允许输入
3. 
3.1. 与预期一致","成功1. 
1.1. 成功
2. 
2.1. 成功
2.2. 成功
2.3. 成功
2.4. 成功
2.5. 成功
2.6. 成功
2.7. 成功
2.8. 成功
3. 
3.1. 成功",,3,功能测试,"
系统测试阶段",正常,0,1,10,通过,王梦臣,2022/11/2,,0000-00-00,1,,
451,温州市公共机构节能管理平台(#38),/能源项目管理(#122),,能源项目管理--项目档案管理--测试用例,"账号：330300C000001 密码：zj123456
URL：http://121.40.61.197:9000/wzjngl/
浏览器：谷歌103版本","1. 能效基数管理
1.1. 点击能源项目管理--项目档案管理
2. 新增
2.1. 点击新增
2.2. 点击-瓯海区-点击新增-项目名称输入（瓯海区项目档案）标题输入（瓯海区）说明输入（test）区域机构（中共温州市瓯海区委办公室）选择（epc类型）服务商（瓯海区服务经销商）项目类别（热水系统 / 热水锅炉）立项时间（2022-11-01）点击确定
2.3. 点击-瓯海区-点击新增-项目名称输入（瓯海区项目档案）标题输入（瓯海区）说明输入（test）区域机构（中共温州市瓯海区委办公室）选择（epc类型）服务商（瓯海区服务经销商）项目类别（热水系统 / 热水锅炉）立项时间（2022-11-01）点击确定
2.4. 点击-瓯海区-点击新增-项目名称不输入（）标题输入（瓯海区）说明输入（test）区域机构（中共温州市瓯海区委办公室）选择（epc类型）服务商（瓯海区服务经销商）项目类别（热水系统 / 热水锅炉）立项时间（2022-11-01）点击确定
2.5. 点击-瓯海区-点击新增-项目名称输入（          ）标题输入（瓯海区）说明输入（test）区域机构（中共温州市瓯海区委办公室）选择（epc类型）服务商（瓯海区服务经销商）项目类别（热水系统 / 热水锅炉）立项时间（2022-11-01）点击确定
2.6. 点击-瓯海区-点击新增-项目名称输入（瓯海区项目档案）标题输入（）说明输入（test）区域机构（中共温州市瓯海区委办公室）选择（epc类型）服务商（瓯海区服务经销商）项目类别（热水系统 / 热水锅炉）立项时间（2022-11-01）点击确定
2.7. 点击-瓯海区-点击新增-项目名称输入（瓯海区项目档案）标题输入（ 
       ）说明输入（test）区域机构（中共温州市瓯海区委办公室）选择（epc类型）服务商（瓯海区服务经销商）项目类别（热水系统 / 热水锅炉）立项时间（2022-11-01）点击确定
2.8. 点击-瓯海区-点击新增-项目名称输入（瓯海区项目档案）标题输入（瓯海区）说明不输入（）区域机构（中共温州市瓯海区委办公室）选择（epc类型）服务商（瓯海区服务经销商）项目类别（热水系统 / 热水锅炉）立项时间（2022-11-01）点击确定
2.9. 点击-瓯海区-点击新增-项目名称输入（瓯海区项目档案）标题输入（瓯海区）说明输入（          ）区域机构（中共温州市瓯海区委办公室）选择（epc类型）服务商（瓯海区服务经销商）项目类别（热水系统 / 热水锅炉）立项时间（2022-11-01）点击确定
2.10. 点击-瓯海区-点击新增-项目名称输入（瓯海区项目档案）标题输入（瓯海区）说明输入（test）区域机构不选择（）选择（epc类型）服务商（瓯海区服务经销商）项目类别（热水系统 / 热水锅炉）立项时间（2022-11-01）点击确定
2.11. 点击-瓯海区-点击新增-项目名称输入（瓯海区项目档案）标题输入（瓯海区）说明输入（test）区域机构（中共温州市瓯海区委办公室）不选择（）服务商（瓯海区服务经销商）项目类别（热水系统 / 热水锅炉）立项时间（2022-11-01）点击确定
2.12. 点击-瓯海区-点击新增-项目名称输入（瓯海区项目档案）标题输入（瓯海区）说明输入（test）区域机构（中共温州市瓯海区委办公室）选择（epc类型）服务商（）项目类别（热水系统 / 热水锅炉）立项时间（2022-11-01）点击确定
2.13. 点击-瓯海区-点击新增-项目名称输入（瓯海区项目档案）标题输入（瓯海区）说明输入（test）区域机构（中共温州市瓯海区委办公室）选择（epc类型）服务商（瓯海区服务经销商）项目类别（）立项时间（2022-11-01）点击确定
2.14. 点击-瓯海区-点击新增-项目名称输入（瓯海区项目档案）标题输入（瓯海区）说明输入（test）区域机构（中共温州市瓯海区委办公室）选择（epc类型）服务商（瓯海区服务经销商）项目类别（热水系统 / 热水锅炉）立项时间（）点击确定
2.15. 点击-瓯海区-点击新增-项目名称输入（）标题输入（）说明输入（）区域机构（）选择（）服务商（）项目类别（）立项时间（）点击确定
2.16. 区域机构输入（浙江力德）
2.17. epc类型输入（浙江力德）
2.18. 服务商输入（浙江力德）
2.19. 项目类型输入内容（浙江力德）
2.20. 立项完成时间输入（二零二零年十一月二十）
3. 删除
3.1. 点击test5点击删除
4. 编辑
4.1. 重复新增用例
5. 查询
5.1. 选择（温州市）机构类型选择（国家机关）日期选择（2020-2022）点击查询
5.2. 选择（温州市）机构类型选择（文化事业）日期选择（2020-2022）点击查询
5.3. 选择（温州市）日期选择（2020-2022）项目类别（热水系统 / 热水锅炉）点击查询
5.4. 选择（温州市）日期选择（2020-2022）项目类别（照明系统 / 照明）点击查询
5.5. 选择（温州市）日期选择（2060-2022）项目类别（照明系统 / 照明）点击查询
5.6. 选择（温州市）日期选择（1900-1900）项目类别（照明系统 / 照明）点击查询","1. 
1.1. 默认显示机构类型，查询日期，项目类别以及温州市项目档案
2. 
2.1. 弹出新增界面小窗
2.2. 提交成功，显示新增项
2.3. 已有相同项目，新增失败
2.4. 请输入项目名称
2.5. 无法输入纯空白格
2.6. 请输入标题
2.7. 无法输入纯空白
2.8. 请输入说明
2.9. 无法输入纯空白格
2.10. 请选择区域机构
2.11. 请选择服务
2.12. 请选择服务商
2.13. 请选择项目类别
2.14. 请填写立项时间
2.15. 请完善页面内容
2.16. 无法输入
2.17. 无法输入
2.18. 无法输入
2.19. 无法输入
2.20. 无法输入
3. 
3.1. 询问确定删除-确认删除、删除成功
4. 
4.1. 与预期一致
5. 
5.1. 查询成功显示，2020-2022所有国家机关项目
5.2. 查询成功显示，2020-2022所有文化事业项目
5.3. 成功，显示所有热水系统项目
5.4. 成功，显示所有照明系统项目
5.5. 无数据
5.6. 无数据","成功1. 
1.1. 成功
2. 
2.1. 成功
2.2. 成功
2.3. 成功
2.4. 成功
2.5. 成功
2.6. 成功
2.7. 成功
2.8. 成功
2.9. 成功
2.10. 成功
2.11. 成功
2.12. 成功
2.13. 成功
2.14. 成功
2.15. 成功
2.16. 成功
2.17. 成功
2.18. 成功
2.19. 成功
2.20. 成功
3. 
3.1. 成功
4. 
4.1. 成功
5. 
5.1. 成功
5.2. 成功
5.3. 成功
5.4. 成功
5.5. 成功
5.6. 成功",,3,功能测试,"
系统测试阶段",正常,0,1,29,通过,王梦臣,2022/11/24,,0000-00-00,1,,
450,温州市公共机构节能管理平台(#38),/能源项目管理(#122),,能源项目管理--能效基数管理--测试用例,"账号：330300C000001 密码：zj123456
URL：http://121.40.61.197:9000/wzjngl/
浏览器：谷歌103版本","1. 能效基数管理
1.1. 点击能源项目管理--能效基数管理
1.2. 点击新增
1.3. 点击-温州市-温州市本级-温州市机关事务管理局-项目测试-年份选择（2022）查询类型选择（能耗）点击查询
1.4. 点击-温州市-温州市本级-温州市机关事务管理局-项目测试-年份选择（2022）查询类型选择（费用）点击查询
2. 新增
2.1. 点击新增
2.2. 输入指标名称（浙江力德）年份选择（2022）能源类型选择（电消费量）查询类型（能耗）一月份输入（100）点击保存
2.3. 输入指标名称（浙江力德）年份选择（2022）能源类型选择（电消费量）查询类型（能耗）一月份输入（100）点击保存
2.4. 不输入指标名称（）年份选择（2022）能源类型选择（电消费量）查询类型（能耗）一月份输入（100）点击保存
2.5. 输入指标名称（空白格）年份选择（2022）能源类型选择（电消费量）查询类型（能耗）一月份输入（100）点击保存
2.6. 输入指标名称（test）年份选择（2022）能源类型选择（电消费量）查询类型（能耗）一月份输入（100）点击保存
2.7. 输入指标名称（test）年份选择（2022）能源类型选择（电消费量）查询类型（能耗）份输入（除数字以外内容）点击保存
3. 编辑
3.1. 重复新增用例
4. 删除
4.1. 点击test5点击删除","1. 
1.1. 默认显示无数据
1.2. 提示请先根据左侧选中项目
1.3. 显示当年，年份创建指标信息
1.4. 显示当年，年份创建指标信息
2. 
2.1. 弹出新增界面小窗
2.2. 保存成功，其他月份允许输入0
2.3. 提示已有重复指标
2.4. 提示请输入指标名称
2.5. 无法输入/无法保存
2.6. 新增成功
2.7. 无法输入/自动跳转至数字0
3. 
3.1. 与预期一致
4. 
4.1. 询问确定删除-确认删除、删除成功","成功1. 
1.1. 成功
1.2. 成功
1.3. 成功
1.4. 成功
2. 
2.1. 成功
2.2. 成功
2.3. 成功
2.4. 成功
2.5. 成功
2.6. 成功
2.7. 成功
3. 
3.1. 成功
4. 
4.1. 成功",,3,功能测试,"
系统测试阶段",正常,0,1,13,通过,王梦臣,2022/11/23,,0000-00-00,1,,
449,温州市公共机构节能管理平台(#38),/能源项目管理(#122),,能源项目管理--自动抄表查询--测试用例--未开发,"账号：330300C000001 密码：zj123456
URL：http://121.40.61.197:9000/wzjngl/
浏览器：谷歌103版本",,,,,3,功能测试,"
系统测试阶段",正常,0,0,0,,王梦臣,2022/11/23,,0000-00-00,1,,
448,温州市公共机构节能管理平台(#38),/能源项目管理(#122),,能源项目管理--项目类型统计--测试用例,"账号：330300C000001 密码：zj123456
URL：http://121.40.61.197:9000/wzjngl/
浏览器：谷歌103版本","1. 点击能源项目管理--项目类型统计
2. 项目查询
2.1. 选择区域--鹿城区--时段选择（2000-2022）年份点击查询
2.2. 选择区域--鹿城区--时段选择（2060-2022）年份点击查询
2.3. 选择区域--鹿城区--时段选择（2000-2022）年份项目类别选择（电梯系统 / 升降电梯）点击查询
2.4. 鼠标放在统计图上","1. 显示温州市区域、项目类型、项目数量、历年项目建设情况、机构、机构类别、
EPC模式、服务商
2. 
2.1. 显示鹿城区年份项目信息
2.2. 无数据
2.3. 显示该时段年份项目信息
2.4. 显示详细信息","成功1. 成功
2. 
2.1. 成功
2.2. 成功
2.3. 成功
2.4. 成功",,3,功能测试,"
系统测试阶段",正常,0,1,5,通过,王梦臣,2022/11/23,,0000-00-00,1,,
447,温州市公共机构节能管理平台(#38),/能源项目管理(#122),,能源项目管理--节能效果分析--测试用例,"账号：330300C000001 密码：zj123456
URL：http://121.40.61.197:9000/wzjngl/
浏览器：谷歌103版本","1. 点击能源项目管理--节能效果分析
2. 系统类型（温州市）资源类型选择（综合能耗）时段选择（2000-2022）年份点击查询
3. 系统类型（温州市）资源类型选择（水消费量）时段选择（2000-2022）年份点击查询
4. 系统类型（温州市）资源类型选择（碳排放量）时段选择（2000-2022）年份点击查询
5. 系统类型（温州市）资源类型选择（综合能耗）时段选择（2022-1-2022-11）月份点击查询
6. 系统类型（温州市）资源类型选择（综合能耗）时段选择（2060-1-2022-11）月份点击查询
7. 系统类型（温州市）资源类型选择（综合能耗）时段选择（2060-2022）年份点击查询
8. 项目查询
8.1. 点击项目-温州市-温州市本级-温州市机关事务管理局-资源类型选择（综合能耗）时段选择（2000-2022）年份点击查询
8.2. 点击项目-温州市-温州市本级-温州市机关事务管理局-资源类型选择（综合能耗）时段选择（2060-2022）年份点击查询
8.3. 点击项目-温州市-温州市本级-温州市机关事务管理局-资源类型选择（综合能耗）时段选择（2022-1-2022-11）月份点击查询
8.4. 不选择查询对象点击查询","1. 默认显示当月温州市综合能耗以及能源消耗、费用统计
2. 查询成功、能耗基数(kgce)、实际能耗(kgce)、节能量(kgce)、节能率(%)、分析时段、费用基数(元)、实际费用(元)、节费量(元))、节费率(%)、以及柱形统计图
3. 查询成功、能耗基数(kgce)、实际能耗(kgce)、节能量(kgce)、节能率(%)、分析时段、费用基数(元)、实际费用(元)、节费量(元))、节费率(%)、以及柱形统计图
4. 查询成功、能耗基数(kgce)、实际能耗(kgce)、节能量(kgce)、节能率(%)、分析时段、费用基数(元)、实际费用(元)、节费量(元))、节费率(%)、以及柱形统计图
5. 查询成功、能耗基数(kgce)、实际能耗(kgce)、节能量(kgce)、节能率(%)、分析时段、费用基数(元)、实际费用(元)、节费量(元))、节费率(%)、以及柱形统计图
6. 无数据
7. 无数据
8. 
8.1. 查询成功、能耗基数(kgce)、实际能耗(kgce)、节能量(kgce)、节能率(%)、分析时段、费用基数(元)、实际费用(元)、节费量(元))、节费率(%)、以及柱形统计图
8.2. 无数据
8.3. 显示该时段月份能耗信息
8.4. 默认显示温州市能耗","成功1. 成功
2. 成功
3. 成功
4. 成功
5. 成功
6. 成功
7. 成功
8. 
8.1. 成功
8.2. 成功
8.3. 成功
8.4. 成功",,3,功能测试,"
系统测试阶段",正常,0,1,11,通过,王梦臣,2022/11/23,,0000-00-00,1,,
446,温州市公共机构节能管理平台(#38),/能源项目管理(#122),,能源项目管理--项目总览--测试用例,"账号：330300C000001 密码：zj123456
URL：http://121.40.61.197:9000/wzjngl/
浏览器：谷歌103版本","1. 首页
1.1. 点击能源项目管理--项目总览
1.2. 鼠标点击任意柱形统计图
2. 查询
2.1. 开始年份选择（2020-2022）区域选择（温州市）点击查询
2.2. 开始年份选择（2020-2022）区域选择（瓯海区）点击查询
2.3. 下滑找到能耗管理、点击电消费量，选择天然气消费量
2.4. 下滑找到能耗管理、点击电消费量，选择热力消费量","1. 
1.1. 显示项目总数、节能效果、节能效果分类效果、项目区域分布、项目机构类型分布、能耗统计-能源结构、能源管理、能耗统计-费用结构
1.2. 显示选择项，详细信息
2. 
2.1. 显示该年份所有项目信息总览。
2.2. 显示瓯海区项目信息
2.3. 切换至天然气消费量
2.4. 切换至热力消费量","成功1. 
1.1. 成功
1.2. 成功
2. 
2.1. 成功
2.2. 成功
2.3. 成功
2.4. 成功",,3,功能测试,"
系统测试阶段",正常,0,1,6,通过,王梦臣,2022/11/21,王梦臣,2022/11/23,2,,
445,温州市公共机构节能管理平台(#38),/用能总览(#115),,基础功能管理--数据看板设置--测试用例,"URL：http://121.40.61.197:9000/wzjngl/#/
账号：admin 密码：123456
浏览器：谷歌104版本
帐号已登录","1. 数据看板设置
1.1. 点击省统建系统-数据看板设置
1.2. 左上数据看板内容选择（能耗概况）点击保存

1.3. 左中数据看板内容选择（能耗变化趋势）点击保存
1.4. 左下数据看板内容选择（能耗排行榜）点击保存
1.5. 右侧数据看板内容选择（能耗指标）点击保存
1.6. 数据变化频选择（10分钟）点击保存
1.7. 数据变化频选择（1小时）点击保存","1. 
1.1. 显示左上数据看板内容；左中数据看板内容；左下数据看板内容；右侧数据看板内容；数据变化频率选项
1.2. 保存成功
1.3. 保存成功
1.4. 保存成功
1.5. 保存成功
1.6. 保存成功
1.7. 保存成功","成功1. 
1.1. 成功
1.2. 成功
1.3. 成功
1.4. 成功
1.5. 成功
1.6. 成功
1.7. 成功",,3,功能测试,"
功能测试阶段",正常,0,1,7,通过,王梦臣,2022/10/19,,0000-00-00,1,,
444,温州市公共机构节能管理平台(#38),/用能总览(#115),,基础功能管理--省统建系统--节约型机关--测试用例,"URL：http://121.40.61.197:9000/wzjngl/#/
账号：admin 密码：123456
浏览器：谷歌104版本
帐号已登录","1. 节约型机关
1.1. 点击省统建系统-节约型机关","1. 
1.1. 跳转至浙江省节约型机关申报考核管理系统-智能考核-分析汇总页面","成功1. 
1.1. 成功",,3,功能测试,"
功能测试阶段",正常,0,1,1,通过,王梦臣,2022/10/19,王梦臣,2022/11/3,2,,
442,温州市公共机构节能管理平台(#38),/用能总览(#115),,基础功能管理-数据对接--国网专用服务--测试用例,"URL：http://121.40.61.197:9000/wzjngl/#/
账号：admin 密码：123456
浏览器：谷歌104版本
帐号已登录","1. 国网专用服务
1.1. 点击数据对接--国网专用服务
1.2. 继续【1.1】
2. 同步
2.1. 点击同步按钮
2.2. 确定同步
3. 定时设置
3.1. 点击定时设置
3.2. 同步频率输入（10）分钟点击保存
3.3. 同步频率输入（0.0001）分钟点击保存
3.4. 同步频率输入（   10）分钟点击保存
3.5. 同步频率输入（1    ）分钟点击保存
3.6. 同步频率输入（1    0）分钟点击保存
3.7. 同步频率输入（-10）分钟点击保存
3.8. 同步频率输入（.10）分钟点击保存
3.9. 同步频率输入（①①）分钟点击保存
3.10. 同步频率输入（十）分钟点击保存
3.11. 同步频率输入复制文字（浙江力德）分钟点击保存
3.12. 同步频率输入（！@#）分钟点击保存
3.13. 同步频率输入复制的（URL）分钟点击保存
3.14. 同步频率输入（10000000000000）分钟点击保存
3.15. 同步频率输入（ABC）分钟点击保存
4. 预警设置
4.1. 未完善","1. 
1.1. 显示名称状态，同步时间操作
1.2. 操作同步，定时，预警按钮
2. 
2.1. 按钮生效，询问是否同步此次操作
2.2. 同步成功，状态变更为绿色，显示同步时间
3. 
3.1. 按钮生效，弹出小窗显示同步频率
3.2. 保存成功，设置生效
3.3. 保存失败，分钟需要大于1
3.4. 保存失败，请输入正确数值
3.5. 保存失败，请输入正确数值
3.6. 保存失败，请输入正确数值
3.7. 保存失败，请输入正确数值
3.8. 保存失败，请输入正确数值
3.9. 无法输入
3.10. 无法输入
3.11. 保存失败，请输入正确数值
3.12. 保存失败，请输入正确数值
3.13. 保存失败，请输入正确数值
3.14. 保存失败，请输入正确数值
3.15. 保存失败，请输入正确数值
4. 
4.1.","1. 
1.1. 
1.2. 
2. 
2.1. 
2.2. 
3. 
3.1. 
3.2. 
3.3. 
3.4. 
3.5. 
3.6. 
3.7. 
3.8. 
3.9. 
3.10. 
3.11. 
3.12. 
3.13. 
3.14. 
3.15. 
4. 
4.1.",,3,功能测试,"
功能测试阶段",正常,0,0,20,,王梦臣,2022/10/18,王梦臣,2022/11/9,2,,
441,温州市公共机构节能管理平台(#38),/用能总览(#115),,基础功能管理-业务管理信息配置--测试用例,"URL：http://121.40.61.197:9000/wzjngl/#/
账号：admin 密码：123456
浏览器：谷歌104版本
帐号已登录","1. 业务管理信息配置
1.1. 点击基础功能管理--业务管理信息配置
2. 添加子节点
2.1. 点击添加子节点
2.2. 输入节点标题（行政中心1#楼）类别选择（机构）点击保存
2.3. 输入节点标题（行政中心1#楼）类别选择（机构）点击保存
2.4. 输入节点标题（国家机构）类别选择（机构）点击保存
2.5. 输入节点标题（教育事业）类别选择（机构）点击保存
2.6. 输入节点标题（教育事业    ）类别选择（机构）点击保存
2.7. 输入节点标题（    教育事业）类别选择（机构）点击保存
2.8. 输入节点标题（教育事    业）类别选择（机构）点击保存
2.9. 不输入节点标题（）类别选择（机构）点击保存
2.10. 输入节点标题（      ）类别选择（机构）点击保存
3. 编辑子节点
3.1. 点击左侧创建节点
3.2. 修改节点序号（2）点击保存修改
3.3. 修改节点序号（）点击保存修改
3.4. 修改节点序号（   ）点击保存修改
3.5. 修改节点序号（A2）点击保存修改
3.6. 修改节点序号（二2）点击保存修改
3.7. 修改节点序号（②）点击保存修改
3.8. 修改节点序号（@#!）点击保存修改
3.9. 修改节点序号（url）点击保存修改
3.10. 修改节点序号输入复制的（浙江力德）点击保存修改
3.11. 修改节点序号（0.01）点击保存修改
3.12. 修改节点序号（1.1）点击保存修改
3.13. 点击子节点，能耗归母比例（2）点击保存修改
3.14. 点击子节点，能耗归母比例（）点击保存修改
3.15. 点击子节点，能耗归母比例（   ）点击保存修改
3.16. 点击子节点，能耗归母比例（A2）点击保存修改
3.17. 点击子节点，能耗归母比例（二2）点击保存修改
3.18. 点击子节点，能耗归母比例（②）点击保存修改
3.19. 点击子节点，能耗归母比例（!@#）点击保存修改
3.20. 点击子节点，能耗归母比例（url）点击保存修改
3.21. 点击子节点，能耗归母比例（浙江力德）点击保存修改
3.22. 点击子节点，能耗归母比例（0.01）点击保存修改
3.23. 点击子节点，能耗归母比例（1.1）点击保存修改
4. 删除子节点
4.1. 选择子节点（行政中心1#楼）点击删除
4.2. 确认删除","1. 
1.1. 显示添加，编辑，删除节点功能，以及温州市下级单位信息
2. 
2.1. 弹出添加节点小窗
2.2. 保存成功
2.3. 已有节点
2.4. 保存成功
2.5. 保存成功
2.6. 保存失败
2.7. 保存失败
2.8. 保存失败
2.9. 保存失败
2.10. 保存失败
3. 
3.1. 弹出编辑界面
3.2. 修改成功，序号为2
3.3. 请输入序号
3.4. 请输入序号
3.5. 保存失败，请输入正确序号
3.6. 保存失败，请输入正确序号
3.7. 保存失败，请输入正确序号
3.8. 保存失败，请输入正确序号
3.9. 保存失败，请输入正确序号
3.10. 保存失败，请输入正确序号
3.11. 保存失败，请输入正确序号
3.12. 保存失败，请输入正确序号
3.13. 修改成功，归母比例为2
3.14. 保存失败，请输入正确归母比例
3.15. 保存失败，请输入正确归母比例
3.16. 保存失败，请输入正确归母比例
3.17. 保存失败，请输入正确归母比例
3.18. 保存失败，请输入正确归母比例
3.19. 保存失败，请输入正确归母比例
3.20. 保存失败，请输入正确归母比例
3.21. 保存失败，请输入正确归母比例
3.22. 保存失败，请输入正确归母比例
3.23. 保存失败，请输入正确归母比例
4. 
4.1. 询问是否删除
4.2. 删除成功","1. 
1.1. 
2. 
2.1. 
2.2. 
2.3. 
2.4. 
2.5. 
2.6. 
2.7. 
2.8. 
2.9. 
2.10. 
3. 
3.1. 
3.2. 
3.3. 
3.4. 
3.5. 
3.6. 
3.7. 
3.8. 
3.9. 
3.10. 
3.11. 
3.12. 
3.13. 
3.14. 
3.15. 
3.16. 
3.17. 
3.18. 
3.19. 
3.20. 
3.21. 
3.22. 
3.23. 
4. 
4.1. 
4.2.",,3,功能测试,"
功能测试阶段",正常,0,0,36,,王梦臣,2022/10/18,,0000-00-00,1,,
440,温州市公共机构节能管理平台(#38),/用能总览(#115),,基础功能管理--日志管理--测试用例,"URL：http://121.40.61.197:9000/wzjngl/#/
账号：admin 密码：123456
浏览器：谷歌104版本
帐号已登录","1. 日志管理
1.1. 点击基础功能管理--日志管理
2. 查询
2.1. 输入账号（360000）点击查询
2.2. 输入账号（360000）多次点击查询
2.3. 输入账号（0000）点击查询
2.4. 输入账号（36）点击查询
2.5. 输入账号（00）点击查询
2.6. 输入账号（3）点击查询
2.7. 输入账号（    360000）点击查询
2.8. 输入账号（360    000）点击查询
2.9. 输入账号（360000     ）点击查询
2.10. 输入账号空格（      ）点击查询
2.11. 不输入账号（）点击查询
2.12. 输入（！@3）点击查询
2.13. 输入账号（.360000）点击查询
2.14. 输入账号（360000.）点击查询
2.15. 输入账号（36000O）点击查询
2.16. 输入账号（ABCD）点击查询
2.17. 输入账号（URL）点击查询
2.18. 输入复制的文字（登录日志）点击查询
2.19. 输入姓名（系统管理员）点击查询
2.20. 输入姓名（系统）点击查询
2.21. 输入姓名（管理员）点击查询
2.22. 输入姓名（员）点击查询
2.23. 输入姓名（    系统管理员）点击查询
2.24. 输入姓名（系统   管理员）点击查询
2.25. 输入姓名（系统管理员   ）点击查询
2.26. 输入姓名（系统管理员.）点击查询
2.27. 输入姓名（.系统管理员）点击查询
2.28. 输入姓名（！@#）点击查询
2.29. 输入姓名（URL）点击查询
2.30. 输入姓名（ABCD）点击查询
2.31. 输入姓名（123）点击查询
2.32. 不输入姓名（）点击查询
2.33. 输入姓名空格（      ）点击查询
2.34. 操作系统输入（windows10）点击查询
2.35. 操作系统输入（10）点击查询
2.36. 操作系统输入（wind）点击查询
2.37. 操作系统输入（Windows10）点击查询
2.38. 操作系统输入（    windows10）点击查询
2.39. 操作系统输入（windows10   ）点击查询
2.40. 操作系统输入（win    dows10）点击查询
2.41. 操作系统输入（windows7）点击查询
2.42. 操作系统输入（Windows7）点击查询
2.43. 操作系统输入（xp）点击查询
2.44. 操作系统输入（XP）点击查询
2.45. 操作系统输入（温州市）点击查询
2.46. 操作系统输入（123456）点击查询
2.47. 操作系统输入（ABCD）点击查询
2.48. 操作系统输入（URL）点击查询
2.49. 操作系统输入（！@#）点击查询
2.50. 操作系统输入（Windows10.）点击查询
2.51. 操作系统输入（.Windows10）点击查询
2.52. 操作系统输入（-Windows10）点击查询
2.53. IP输入（123.23.32.11）点击查询
2.54. IP输入（123）点击查询
2.55. IP输入（32.11）点击查询
2.56. IP输入（   123.23.32.11）点击查询
2.57. IP输入（123.2   3.32.11）点击查询
2.58. IP输入（123.23.32.11   ）点击查询
2.59. IP输入（123.23.32.11.）点击查询
2.60. IP输入（.123.23.32.11）点击查询
2.61. IP输入（*123.23.32.11）点击查询
2.62. IP输入（A23.23.32.11）点击查询
2.63. IP输入（i23.23.32.11）点击查询
2.64. IP输入（①②③.23.32.11）点击查询
2.65. IP输入（一二三.23.32.11）点击查询
2.66. IP输入（！@#.23.32.11）点击查询
2.67. IP输入（123.23.32.浙江）点击查询
2.68. IP输入（URL）点击查询
2.69. 开始日期选择（2022/01/31--2023/11/31）点击查询
2.70. 开始日期选择（2023/01/31-1900/11/31）点击查询
2.71. 开始日期选择（2000/01/31-2000/11/31）点击查询
2.72. 开始日期选择（2022/10/31--2023/10/31）点击查询
3. 导出名录库
3.1. 点击导出
3.2. 查看导出数据是否与web一致","1. 
1.1. 显示账号名称，IP，操作系统，时间结果；
2. 
2.1. 显示查询账号信息
2.2. 与查询数据一致
2.3. 显示名称含有输入内容日志
2.4. 显示名称含有输入内容日志
2.5. 显示名称含有输入内容日志
2.6. 显示名称含有输入内容日志
2.7. 无数据
2.8. 无数据
2.9. 无数据
2.10. 无数据
2.11. 无数据
2.12. 无数据
2.13. 无数据
2.14. 无数据
2.15. 无数据
2.16. 无数据
2.17. 无数据
2.18. 无数据
2.19. 查询成功，显示查询的所有日志
2.20. 显示名称含有输入内容日志
2.21. 显示名称含有输入内容日志
2.22. 显示名称含有输入内容日志
2.23. 无数据
2.24. 无数据
2.25. 无数据
2.26. 无数据
2.27. 无数据
2.28. 无数据
2.29. 无数据
2.30. 无数据
2.31. 无数据
2.32. 无数据
2.33. 无数据
2.34. 查询成功，显示所有win10操作用户
2.35. 查询成功，显示所有win10操作用户
2.36. 查询成功，显示所有win操作用户
2.37. 查询成功，显示所有win10操作用户
2.38. 无数据
2.39. 无数据
2.40. 无数据
2.41. 查询成功，显示所有win7操作用户
2.42. 查询成功，显示所有win7操作用户
2.43. 查询成功，显示所有xp操作用户
2.44. 查询成功，显示所有xp操作用户
2.45. 暂无数据
2.46. 暂无数据
2.47. 暂无数据
2.48. 暂无数据
2.49. 暂无数据
2.50. 暂无数据
2.51. 暂无数据
2.52. 暂无数据
2.53. 显示含有输入内容日志
2.54. 显示含有输入内容日志
2.55. 显示名称含有输入内容日志
2.56. 暂无数据
2.57. 暂无数据
2.58. 暂无数据
2.59. 暂无数据
2.60. 暂无数据
2.61. 暂无数据
2.62. 暂无数据
2.63. 暂无数据
2.64. 暂无数据
2.65. 暂无数据
2.66. 暂无数据
2.67. 暂无数据
2.68. 暂无数据
2.69. 显示该时间段内容
2.70. 暂无数据
2.71. 暂无数据
2.72. 显示当天操作日志
3. 
3.1. 按键生效，下载表格成功
3.2. 与导出数据一致","成功1. 
1.1. 成功
2. 
2.1. 成功
2.2. 成功
2.3. 成功
2.4. 成功
2.5. 成功
2.6. 成功
2.7. 成功
2.8. 成功
2.9. 成功
2.10. 成功
2.11. 成功
2.12. 成功
2.13. 成功
2.14. 成功
2.15. 成功
2.16. 成功
2.17. 成功
2.18. 成功
2.19. 成功
2.20. 成功
2.21. 成功
2.22. 成功
2.23. 成功
2.24. 成功
2.25. 成功
2.26. 成功
2.27. 成功
2.28. 成功
2.29. 成功
2.30. 成功
2.31. 成功
2.32. 成功
2.33. 成功
2.34. 成功
2.35. 成功
2.36. 成功
2.37. 成功
2.38. 成功
2.39. 成功
2.40. 成功
2.41. 成功
2.42. 成功
2.43. 成功
2.44. 成功
2.45. 成功
2.46. 成功
2.47. 成功
2.48. 成功
2.49. 成功
2.50. 成功
2.51. 成功
2.52. 成功
2.53. 成功
2.54. 成功
2.55. 成功
2.56. 成功
2.57. 成功
2.58. 成功
2.59. 成功
2.60. 成功
2.61. 成功
2.62. 成功
2.63. 成功
2.64. 成功
2.65. 成功
2.66. 成功
2.67. 成功
2.68. 成功
2.69. 成功
2.70. 成功
2.71. 成功
2.72. 成功
3. 
3.1. 成功
3.2. 成功",,3,功能测试,"
功能测试阶段",正常,0,1,75,通过,王梦臣,2022/10/14,,0000-00-00,1,,
439,温州市公共机构节能管理平台(#38),/用能总览(#115),,基础功能管理--机构名录库管理--测试用例,"URL：http://121.40.61.197:9000/wzjngl/#/
账号：330300C000001 密码：zj123456
浏览器：谷歌104版本
帐号已登录","1. 机构名录库管理
1.1. 点击基础功能管理--机构名录库管理
1.2. 点击温州市
1.3. 点击瓯海区
1.4. 点击瓯海区子级","1. 
1.1. 显示浙江省份所有地区，地址电话；名称联系人，级别单位，以及状态
1.2. 展开温州市所有下级单位用能单位
1.3. 展开瓯海区子级用能单位
1.4. 展开下级单位","成功1. 
1.1. 成功
1.2. 成功
1.3. 成功
1.4. 成功",,3,功能测试,"
功能测试阶段",正常,0,1,4,通过,王梦臣,2022/10/14,王梦臣,2022/11/19,2,,
438,温州市公共机构节能管理平台(#38),/用能总览(#115),,基础功能管理--用户角色管理--测试用例,"URL：http://121.40.61.197:9000/wzjngl/#/
账号：admin 密码：123456
浏览器：谷歌104版本
帐号已登录","1. 用户角色管理
1.1. 点击基础功能管理--用户角色管理
2. 新增
2.1. 点击新增
2.2. 输入名称（用能单位）角色类型选择（用能单位）权限分配选择（报表管理；机构信息管理；修改密码）点击保存
2.3. 输入名称（主管单位）角色类型选择（主管单位）权限分配选择（智能考核；考核设置；修改密码）点击保存
2.4. 输入名称（管理员）角色类型选择（区域管理者）权限分配选择（全选）点击保存
2.5. 输入名称（专家）角色类型选择（用能单位）权限分配选择（专家考核；专家信息管理；修改密码）点击保存
2.6. 登陆对应账号查看权限
2.7. 输入名称（用能单位）点击保存
2.8. 不输入名称（ ）角色类型选择（主管单位）权限分配选择（智能考核；考核设置；修改密码）点击保存
2.9. 输入名称（      ）角色类型选择（区域管理者）权限分配选择（全选）点击保存
2.10. 输入名称（！@#）角色类型选择（区域管理者）权限分配选择（全选）点击保存
2.11. 输入名称（      主管单位）角色类型选择（主管单位）权限分配选择（智能考核；考核设置；修改密码）点击保存
2.12. 输入名称（主管      单位）角色类型选择（主管单位）权限分配选择（智能考核；考核设置；修改密码）点击保存
2.13. 输入名称（主管单位     ）角色类型选择（主管单位）权限分配选择（智能考核；考核设置；修改密码）点击保存
2.14. 输入名称（超级用户）角色类型选择（主管单位）权限分配选择（顶级菜单）点击保存
3. 修改
3.1. 重复用例步骤【2】","1. 
1.1. 显示系统角色；类型；备注；时间。新增/修改功能
2. 
2.1. 弹出新增角色界面
2.2. 保存成功显示新增项；显示创建时间修改时间
2.3. 保存成功显示新增项；显示创建时间修改时间
2.4. 保存成功显示新增项；显示创建时间修改时间
2.5. 保存成功显示新增项；显示创建时间修改时间
2.6. 与分配权限一致
2.7. 保存失败；缺少必填项
2.8. 保存失败；缺少必填项
2.9. 保存失败；缺少必填项
2.10. 保存失败；缺少必填项
2.11. 保存失败；请输入正确名称
2.12. 保存失败；请输入正确名称
2.13. 保存失败；请输入正确名称
2.14. 保存成功显示新增项；显示创建时间修改时间
3. 
3.1. 与预期一致","成功1. 
1.1. 成功
2. 
2.1. 成功
2.2. 成功
2.3. 成功
2.4. 成功
2.5. 成功
2.6. 成功
2.7. 成功
2.8. 成功
2.9. 成功
2.10. 成功
2.11. 成功
2.12. 成功
2.13. 成功
2.14. 成功
3. 
3.1. 成功",,3,功能测试,"
功能测试阶段",正常,0,1,16,通过,王梦臣,2022/10/14,王梦臣,2022/11/19,2,,
437,温州市公共机构节能管理平台(#38),/用能总览(#115),,基础功能管理--系统重要参数配置,"URL：http://121.40.61.197:9000/wzjngl/#/
账号：admin 密码：123456
浏览器：谷歌104版本
帐号已登录","1. 系统重要参数配置
1.1. 点击基础功能管理--系统重要参数配置
2. 登陆标题
2.1. 输入登录标题（浙江省公共机构能耗监测）点击保存
2.2. 不输入登录标题（）点击保存
2.3. 输入空格登录标题（        ）点击保存
3. 背景
3.1. 点击背景图片上传
3.2. 选择类型图片（png，jpg，bmp，webp）点击上传
3.3. 上传多张图片点击保存
3.4. 上传图片（GIF）点击保存
3.5. 上传MP4点击保存
4. 页眉标题
4.1. 眉目标题输入（）点击保存
4.2. 不输入眉目标题（）点击保存
4.3. 眉目标题输入空格（）点击保存
5. 系统LOGO
5.1. 点击背景图片上传
5.2. 选择类型图片（png，jpg，bmp，webp）点击上传
5.3. 上传多张图片点击保存
5.4. 上传图片（GIF）点击保存
6. 根区域用户
7. 初始密码
7.1. 初始密码不输入（）点击保存
7.2. 初始密码输入（浙江省公共机构能耗监测）点击保存
7.3. 初始密码输入复制（URl）点击保存
7.4. 初始密码输入（123）点击保存
7.5. 初始密码输入空格（      ）点击保存","1. 
1.1. 显示登陆标题，背景；页眉标题；系统LOGO；根区域用户；初始密码修改项
2. 
2.1. 修改成功，登录标题修改为（浙江省公共机构能耗监测）
2.2. 无效操作
2.3. 无法保存
3. 
3.1. 弹出系统文件夹
3.2. 上传成功，登陆显示上传图片
3.3. 保留最后一张上传图片
3.4. 无法上传
3.5. 无法上传
4. 
4.1. 
4.2. 无效操作
4.3. 无法保存
5. 
5.1. 弹出系统文件夹
5.2. 上传成功，登陆显示上传图片
5.3. 保留最后一张上传图片
5.4. 无法上传
6. 
7. 
7.1. 无效操作
7.2. 无法输入
7.3. 长度过长；保存失败
7.4. 保存失败；长度需要6位
7.5. 保存失败；请输入正确密码","成功1. 
1.1. 成功
2. 
2.1. 成功
2.2. 成功
2.3. 成功
3. 
3.1. 成功
3.2. 成功
3.3. 成功
3.4. 成功
3.5. 成功
4. 
4.1. 成功
4.2. 成功
4.3. 成功
5. 
5.1. 成功
5.2. 成功
5.3. 成功
5.4. 成功
6. 
7. 
7.1. 成功
7.2. 成功
7.3. 成功
7.4. 成功
7.5. 成功",,3,功能测试,"
功能测试阶段",正常,1,2,21,通过,王梦臣,2022/10/14,王梦臣,2022/11/19,2,,
436,温州市公共机构节能管理平台(#38),/用能总览(#115),,考核管理--考核抽查结果--测试用例,"URL：http://121.40.61.197:9000/wzjngl/#/
账号：admin 密码：123456
浏览器：谷歌104版本
帐号已登录","1. 考核抽查结果
1.1. 点击考核管理--考核抽查结果
2. 查询
2.1. 年份选择（2022）区域选择（温州市本级）机构不输入（）点击查询
2.2. 点击考核项（温州市碳排放管理）
2.3. 点击子项（考核评分）
2.4. 点击输入评分（80）下一页/上一页
2.5. 点击取消
2.6. 点击收起考核项
2.7. 点击提交 考核项
2.8. 点击确定
2.9. 年份选择（2022）区域选择（浙江省）机构不输入（）点击查询
2.10. 年份选择（2022）区域选择（温州市）机构不输入（）点击查询
2.11. 年份选择（2022）区域选择（浙江省）机构输入（节能减排）点击查询
2.12. 年份选择（2022）区域选择（浙江省）机构输入（    温州市碳排放管理）点击查询
2.13. 年份选择（2022）区域选择（浙江省）机构输入（温州市碳     排放管理）点击查询
2.14. 年份选择（2022）区域选择（浙江省）机构输入（温州市碳排放管理    ）点击查询
2.15. 年份选择（2022）区域选择（浙江省）机构输入（！@#）点击查询
2.16. 年份选择（2022）区域选择（浙江省）机构输入（一二三）点击查询
2.17. 年份选择（2022）区域选择（浙江省）机构输入（0.01）点击查询
2.18. 年份选择（2022）区域选择（浙江省）机构输入（①①①）点击查询
2.19. 年份选择（2022）区域选择（温州市）机构输入（温州市碳排放管理）点击查询
2.20. 年份选择（2022）区域选择（杭州市）机构输入（温州市碳排放管理）点击查询
2.21. 年份选择（2022）区域选择（浙江省）机构输入（ABC）点击查询
3. 操作
3.1. 点击展开考核项
3.2. 点击子项考核抽查
3.3. 点击上一个/下一个
3.4. 点击通过抽查
3.5. 确认通过
3.6. 点击不予通过
3.7. 点击确定","1. 
1.1. 显示浙江省份地区，左上角显示抽查结果，红色为不通过，绿色为抽查通过
2. 
2.1. 显示2022所有考核机构
2.2. 展开子项
2.3. 弹出机构输入详情，评价，以及上传文件（可在线预览）
2.4. 保存评分，翻页成功
2.5. 取消页面
2.6. 子项收起
2.7. 询问；确认要提交吗
2.8. 状态变更（已考核）
2.9. 显示所有机构信息
2.10. 显示温州市下级机构信息
2.11. 查询成功
2.12. 暂无数据
2.13. 暂无数据
2.14. 暂无数据
2.15. 暂无数据
2.16. 暂无数据
2.17. 暂无数据
2.18. 暂无数据
2.19. 查询成功
2.20. 暂无数据
2.21. 暂无数据
3. 
3.1. 展开考核项下所有子项信息
3.2. 显示子项详细信息以及上传信息，专家评分
3.3. 查看上下子项
3.4. 询问确认要通过吗
3.5. 状态变化为绿色抽查通过，左上角抽查数量+1
3.6. 询问确认不予通过吗
3.7. 状态变化为红色抽查不予通过，左上角抽查未通过数量+1","成功1. 
1.1. 成功
2. 
2.1. 成功
2.2. 成功
2.3. 成功
2.4. 成功
2.5. 成功
2.6. 成功
2.7. 成功
2.8. 成功
2.9. 成功
2.10. 成功
2.11. 成功
2.12. 成功
2.13. 成功
2.14. 成功
2.15. 成功
2.16. 成功
2.17. 成功
2.18. 成功
2.19. 成功
2.20. 成功
2.21. 成功
3. 
3.1. 成功
3.2. 成功
3.3. 成功
3.4. 成功
3.5. 成功
3.6. 成功
3.7. 成功",,3,功能测试,"
功能测试阶段",正常,0,1,29,通过,王梦臣,2022/10/14,王梦臣,2022/11/19,2,,
435,温州市公共机构节能管理平台(#38),/用能总览(#115),,考核管理--考核工作总览--测试用例,"URL：http://121.40.61.197:9000/wzjngl/#/
账号：admin 密码：123456
浏览器：谷歌104版本
帐号已登录","1. 考核工作总览
1.1. 点击考核管理--考核工作总览
1.2. 继续【1.1】","1. 
1.1. 跳转成功，显示十四五全省累计考核目标，完成量实际情况，生成折线统计图
1.2. 显示浙江省所有区域；抽查率完成量。","成功1. 
1.1. 成功
1.2. 成功",,3,功能测试,"
功能测试阶段",正常,0,1,2,通过,王梦臣,2022/10/14,,0000-00-00,1,,
434,温州市公共机构节能管理平台(#38),/用能总览(#115),,考核管理--业务资料库--测试用例,"URL：http://121.40.61.197:9000/wzjngl/#/
账号：admin 密码：123456
浏览器：谷歌104版本
帐号已登录","1. 业务资料库
1.1. 点击考核管理--业务资料库
2. 新增
2.1. 点击新增
2.2. 输入摘要（宁波市考核任务）发布区域选择（宁波市）点击保存
2.3. 输入摘要（宁波市考核任务）发布区域选择（宁波市）点击保存
2.4. 不输入摘要（）发布区域选择（宁波市）点击保存
2.5. 输入摘要（宁波市考核任务）发布区域不选择（）点击保存
2.6. 输入摘要（）发布区域选择（）点击保存
2.7. 输入摘要（     宁波市考核任务）发布区域选择（宁波市）点击保存
2.8. 输入摘要（宁波市考核任务    ）发布区域选择（宁波市）点击保存
2.9. 输入摘要（宁波市考    核任务）发布区域选择（宁波市）点击保存
2.10. 输入摘要（9999999999999999）发布区域选择（宁波市）点击保存
3. 删除
3.1. 点击资料名删除
3.2. 确认删除
4. 编辑
4.1. 重复新增步骤【2】
5. 查询
5.1. 输入资料编号（00001）点击查询
5.2. 输入资料编号（00001     ）点击查询
5.3. 输入资料编号（    00001）点击查询
5.4. 输入资料编号（00    01）点击查询
5.5. 输入资料编号（0.0001）点击查询
5.6. 输入资料编号（oooo1）点击查询
5.7. 输入资料编号（ABCD）点击查询
5.8. 输入资料编号（一二三四）点击查询
5.9. 输入资料编号（..00001）点击查询
5.10. 输入资料编号（0000①）点击查询
5.11. 输入资料编号（URL）点击查询
5.12. 输入资料编号（0000.1）点击查询
5.13. 输入资料编号（！@#）点击查询
5.14. 不输入内容点击查询
5.15. 资料名称输入（考核资料）点击查询
5.16. 资料名称输入（   考核资料）点击查询
5.17. 资料名称输入（考核   资料）点击查询
5.18. 资料名称输入（考核资料   ）点击查询
5.19. 资料名称输入（001）点击查询
5.20. 资料名称输入（0.1）点击查询
5.21. 资料名称输入（ABCD）点击查询
5.22. 资料名称输入（一二三四）点击查询
5.23. 资料名称输入（！@#）点击查询
5.24. 资料名称输入（URL）点击查询
6. 上传
6.1. 上传PDF，ppt，png，jpg，docx、mp4、微信图片等类型图片","1. 
1.1. 跳转成功，显示增删改查，机构信息
2. 
2.1. 弹出小窗
2.2. 保存成功，显示新增项
2.3. 提示已有考核项
2.4. 保存失败，请输入摘要
2.5. 请选择发布区域
2.6. 保存失败，请输入内容
2.7. 保存失败，请输入摘要
2.8. 保存失败，请输入摘要
2.9. 保存失败，请输入摘要
2.10. 保存失败，名称过长
3. 
3.1. 询问是否删除
3.2. 删除成功
4. 
4.1. 与预期一致
5. 
5.1. 查询成功，显示查询项信息
5.2. 暂无数据
5.3. 暂无数据
5.4. 暂无数据
5.5. 暂无数据
5.6. 暂无数据
5.7. 暂无数据
5.8. 暂无数据
5.9. 暂无数据
5.10. 暂无数据
5.11. 暂无数据
5.12. 暂无数据
5.13. 暂无数据
5.14. 无效查询
5.15. 查询成功，显示查询项信息
5.16. 暂无数据
5.17. 暂无数据
5.18. 暂无数据
5.19. 暂无数据
5.20. 暂无数据
5.21. 暂无数据
5.22. 暂无数据
5.23. 暂无数据
5.24. 暂无数据
6. 
6.1. 上传成功","成功1. 
1.1. 成功
2. 
2.1. 成功
2.2. 成功
2.3. 成功
2.4. 成功
2.5. 成功
2.6. 成功
2.7. 成功
2.8. 成功
2.9. 成功
2.10. 成功
3. 
3.1. 成功
3.2. 成功
4. 
4.1. 成功
5. 
5.1. 成功
5.2. 成功
5.3. 成功
5.4. 成功
5.5. 成功
5.6. 成功
5.7. 成功
5.8. 成功
5.9. 成功
5.10. 成功
5.11. 成功
5.12. 成功
5.13. 成功
5.14. 成功
5.15. 成功
5.16. 成功
5.17. 成功
5.18. 成功
5.19. 成功
5.20. 成功
5.21. 成功
5.22. 成功
5.23. 成功
5.24. 成功
6. 
6.1. 成功",,3,功能测试,"
功能测试阶段",正常,0,1,39,通过,王梦臣,2022/10/13,王梦臣,2022/11/18,3,,
433,温州市公共机构节能管理平台(#38),/用能总览(#115),,考核管理--工作通知管理--测试用例,"URL：http://121.40.61.197:9000/wzjngl/#/
账号：330300C000001 密码：zj123456
浏览器：谷歌104版本
帐号已登录","1. 工作通知管理
1.1. 点击考核管理--工作通知管理
1.2. 点击查询","1. 
1.1. 跳转成功，显示时间，机构通知信息
1.2. 显示全部通知类型","成功1. 
1.1. 成功
1.2. 成功",,3,功能测试,"
功能测试阶段",正常,0,2,2,通过,王梦臣,2022/10/13,王梦臣,2022/11/2,2,,
432,温州市公共机构节能管理平台(#38),/用能总览(#115),,考核管理--专家评审--测试用例,"URL：http://121.40.61.197:9000/wzjngl/#/
账号：admin 密码：123456
浏览器：谷歌104版本
帐号已登录","1. 专家评审
1.1. 点击考核管理--专家评审
2. 查询
2.1. 年份选择（2022）区域选择（温州市本级）机构不输入（）点击查询
2.2. 点击考核项（温州市碳排放管理）
2.3. 点击子项（考核评分）
2.4. 点击输入评分（80）下一页/上一页
2.5. 点击取消
2.6. 点击收起考核项
2.7. 点击提交 考核项
2.8. 点击确定
2.9. 年份选择（2022）区域选择（温州市）机构不输入（）点击查询
2.10. 年份选择（2022）区域选择（温州市）机构不输入（）点击查询
2.11. 年份选择（2022）区域选择（温州市）机构输入（节能减排）点击查询
2.12. 年份选择（2022）区域选择（温州市）机构不输入（    温州市碳排放管理）点击查询
2.13. 年份选择（2022）区域选择（温州市）机构不输入（温州市碳     排放管理）点击查询
2.14. 年份选择（2022）区域选择（温州市）机构不输入（温州市碳排放管理    ）点击查询
2.15. 年份选择（2022）区域选择（温州市）机构不输入（！@#）点击查询
2.16. 年份选择（2022）区域选择（温州市）机构不输入（一二三）点击查询
2.17. 年份选择（2022）区域选择（温州市）机构不输入（0.01）点击查询
2.18. 年份选择（2022）区域选择（温州市）机构不输入（①①①）点击查询
2.19. 年份选择（2022）区域选择（温州市）机构不输入（温州市碳排放管理）点击查询
2.20. 年份选择（2022）区域选择（温州市）机构不输入（温州市碳排放管理）点击查询
2.21. 年份选择（2022）区域选择（温州市）机构不输入（ABC）点击查询
3. 评分
3.1. 点击考核项（温州市碳排放管理）点击子项（考核抽查）点击输入评分（！@#）点击下一个/保存
3.2. 点击考核项（温州市碳排放管理）点击子项（考核抽查）点击输入评分（碳排放管理）点击下一个/保存
3.3. 点击考核项（温州市碳排放管理）点击子项（考核抽查）点击输入评分（0.001）点击下一个/保存
3.4. 点击考核项（温州市碳排放管理）点击子项（考核抽查）点击输入评分（99999）点击下一个/保存
3.5. 点击考核项（温州市碳排放管理）点击子项（考核抽查）点击输入评分（   80）点击下一个/保存
3.6. 点击考核项（温州市碳排放管理）点击子项（考核抽查）点击输入评分（80   ）点击下一个/保存
3.7. 点击考核项（温州市碳排放管理）点击子项（考核抽查）点击输入评分（8   0）点击下一个/保存
3.8. 点击考核项（温州市碳排放管理）点击子项（考核抽查）点击输入评分（⑧⑧）点击下一个/保存
3.9. 点击考核项（温州市碳排放管理）点击子项（考核抽查）评分输入复制的（URL）点击下一个/保存
3.10. 点击考核项（温州市碳排放管理）点击子项（考核抽查）点击输入评分（..80）点击下一个/保存
4. 登录除专家角色
4.1. 点击专家考核","1. 
1.1. 显示浙江省份地区
2. 
2.1. 显示2022所有考核机构
2.2. 展开子项
2.3. 弹出机构输入详情，评价，以及上传文件（可在线预览）
2.4. 保存评分，翻页成功
2.5. 取消页面
2.6. 子项收起
2.7. 询问；确认要提交吗
2.8. 状态变更（已考核）
2.9. 显示所有机构信息
2.10. 显示温州市下级机构信息
2.11. 查询成功
2.12. 暂无数据
2.13. 暂无数据
2.14. 暂无数据
2.15. 暂无数据
2.16. 暂无数据
2.17. 暂无数据
2.18. 暂无数据
2.19. 查询成功
2.20. 暂无数据
2.21. 暂无数据
3. 
3.1. 无法输入
3.2. 无法输入
3.3. 无法保存，分值需大于0.1
3.4. 无法保存，超出最大分值
3.5. 无法保存
3.6. 无法保存
3.7. 无法保存
3.8. 无法输入
3.9. 无法粘贴，请输入正确值
3.10. 无法保存，请输入正确值
4. 
4.1. 无专家考核项","成功1. 
1.1. 
2. 
2.1. 
2.2. 
2.3. 
2.4. 
2.5. 
2.6. 
2.7. 
2.8. 
2.9. 
2.10. 
2.11. 
2.12. 
2.13. 
2.14. 
2.15. 
2.16. 
2.17. 
2.18. 
2.19. 
2.20. 
2.21. 
3. 
3.1. 
3.2. 
3.3. 
3.4. 
3.5. 
3.6. 
3.7. 
3.8. 
3.9. 
3.10. 
4. 
4.1.",,3,功能测试,"
功能测试阶段",正常,0,2,33,通过,王梦臣,2022/10/13,王梦臣,2022/11/3,3,,
431,温州市公共机构节能管理平台(#38),/用能总览(#115),,考核管理--参评单位确认与通知--测试用例,"URL：http://121.40.61.197:9000/wzjngl/#/
账号：admin 密码：123456
浏览器：谷歌104版本
帐号已登录","1. 参评单位确认与通知
1.1. 点击考核管理--参评单位确认与通知
2. 查询
2.1. 年份选择（2022）区域选择（温州市）机构不输入（）点击查询
2.2. 点击考核项（温州市碳排放管理）
2.3. 点击子项（考核抽查）
2.4. 点击下一页/上一页
2.5. 点击取消
2.6. 点击收起考核项
2.7. 点击通过考核项
2.8. 点击确定
2.9. 点击不予通过
2.10. 点击确定
2.11. 年份选择（2022）区域选择（温州市）机构不输入（）点击查询
2.12. 年份选择（2022）区域选择（温州市）机构不输入（）点击查询
2.13. 年份选择（2022）区域选择（温州市）机构输入（节能减排）点击查询
2.14. 年份选择（2022）区域选择（温州市）机构不输入（    温州市碳排放管理）点击查询
2.15. 年份选择（2022）区域选择（温州市）机构不输入（温州市碳     排放管理）点击查询
2.16. 年份选择（2022）区域选择（温州市）机构不输入（温州市碳排放管理    ）点击查询
2.17. 年份选择（2022）区域选择（温州市）机构不输入（！@#）点击查询
2.18. 年份选择（2022）区域选择（温州市）机构不输入（一二三）点击查询
2.19. 年份选择（2022）区域选择（温州市）机构不输入（0.01）点击查询
2.20. 年份选择（2022）区域选择（温州市）机构不输入（①①①）点击查询
2.21. 年份选择（2022）区域选择（温州市）机构输入（温州市碳排放管理）点击查询
2.22. 年份选择（2022）区域选择（温州市）机构不输入（ABC）点击查询","1. 
1.1. 显示浙江省份地区
2. 
2.1. 显示2022年浙江省所有考核
2.2. 展开子项
2.3. 弹出该项详情，评价，以及上传文件（可在线预览）
2.4. 翻页成功
2.5. 取消页面
2.6. 子项收起
2.7. 询问；确认通过吗
2.8. 考核通过（绿色字样）
2.9. 询问；确认不予通过吗
2.10. 抽查未通过（红色字样）
2.11. 显示所有机构信息
2.12. 显示温州市下级机构信息
2.13. 查询成功
2.14. 暂无数据
2.15. 暂无数据
2.16. 暂无数据
2.17. 暂无数据
2.18. 暂无数据
2.19. 暂无数据
2.20. 暂无数据
2.21. 查询成功
2.22. 暂无数据","成功1. 
1.1. 
2. 
2.1. 
2.2. 
2.3. 
2.4. 
2.5. 
2.6. 
2.7. 
2.8. 
2.9. 
2.10. 
2.11. 
2.12. 
2.13. 
2.14. 
2.15. 
2.16. 
2.17. 
2.18. 
2.19. 
2.20. 
2.21. 
2.22.",,3,功能测试,"
功能测试阶段",正常,0,1,23,通过,王梦臣,2022/10/13,王梦臣,2022/11/3,2,,
430,温州市公共机构节能管理平台(#38),/用能总览(#115),,考核管理--考核任务设置与下发--测试用例,"URL：http://121.40.61.197:9000/wzjngl/#/
账号：admin 密码：123456
浏览器：谷歌104版本
帐号已登录","1. 考核任务设置与下发
1.1. 点击考核管理--考核任务设置与下发
2. 设置考核任务
2.1. 点击浙江省份
2.2. 点击温州市
2.3. 点击设置考核任务
2.4. 点击上方专家数量选择（3）勾选待选机构（温州市碳排放管理）点击箭头
2.5. 选择已选机构点击保存
2.6. 点击上方专家数量选择（3）勾选待选机构（全选）点击箭头
2.7. 选择已选机构（全部）点击保存
2.8. 不选择机构不进行操作点击保存
3. 分配任务
3.1. 点击分配任务
3.2. 不选择内容点击保存
3.3. 选择机构（温州市碳排放管理）点击手动分配
3.4. 继续【3.3】选择三个专家点击保存
3.5. 选择5个专家点击保存
3.6. 选择机构（全部）点击手动分配
3.7. 选择机构（温州市碳排放管理）点击随机分配
3.8. 多次点击随机分配
4. 手动分配专家搜索
4.1. 输入（温州小王）
4.2. 输入（   温州小王）
4.3. 输入（温州小王   ）
4.4. 输入（温州   小王）
4.5. 输入（小王）
4.6. 输入（温州）
4.7. 输入（王）
4.8. 输入（温州小王.）
4.9. 输入（温州小王1）
4.10. 输入（！@#）
4.11. 输入（AAA）
4.12. 输入（999）
4.13. 输入（URL）
5. 查看任务
5.1. 点击查看任务
6. 查询
6.1. 选择年份2022年
6.2. 选择年份2020年
6.3. 选择年份2023年","1. 
1.1. 显示浙江省份地区
2. 
2.1. 展开所有子项
2.2. 展开温州市子项
2.3. 弹出设置考核任务小窗
2.4. 勾选机构移步到已选机构
2.5. 保存成功
2.6. 勾选机构移步到已选机构
2.7. 保存成功
2.8. 保存失败，请选择机构
3. 
3.1. 弹出分配任务界面
3.2. 无效保存
3.3. 进入专家选择界面
3.4. 保存成功
3.5. 无法勾选五位专家
3.6. 分配专家一致
3.7. 随机分配成功
3.8. 机构名称后专家名称发生变化
4. 
4.1. 查询成功
4.2. 查询失败
4.3. 查询失败
4.4. 查询失败
4.5. 查询成功
4.6. 查询成功
4.7. 查询成功
4.8. 查询失败
4.9. 查询失败
4.10. 查询失败
4.11. 查询失败
4.12. 查询失败
4.13. 查询失败
5. 
5.1. 显示已选机构下分配的专家
6. 
6.1. 显示2022年机构；可设置当年任务
6.2. 可查看勾选年份任务记录/没有则为空
6.3. 显示2023年机构；可设置当年任务","成功1. 
1.1. 成功
2. 
2.1. 成功
2.2. 成功
2.3. 成功
2.4. 成功
2.5. 成功
2.6. 成功
2.7. 成功
2.8. 成功
3. 
3.1. 成功
3.2. 成功
3.3. 成功
3.4. 成功
3.5. 成功
3.6. 成功
3.7. 成功
3.8. 成功
4. 
4.1. 成功
4.2. 成功
4.3. 成功
4.4. 成功
4.5. 成功
4.6. 成功
4.7. 成功
4.8. 成功
4.9. 成功
4.10. 成功
4.11. 成功
4.12. 成功
4.13. 成功
5. 
5.1. 成功
6. 
6.1. 成功
6.2. 成功
6.3. 成功",,3,功能测试,"
功能测试阶段",正常,0,1,34,通过,王梦臣,2022/10/13,,0000-00-00,1,,
429,温州市公共机构节能管理平台(#38),/用能总览(#115),,考核管理--考核标准管理--测试用例,"URL：http://121.40.61.197:9000/wzjngl/#/
账号：admin 密码：123456
浏览器：谷歌104版本
帐号已登录","1. 考核标准管理
1.1. 点击考核管理--考核标准管理
2. 新增考核标准
2.1. 点击新增
2.2. 名称输入（温州市碳排放管理）考核类型选择（碳排放管理）评级选择（排放评级标准）标准说明输入（节能减排低碳生活）发布区域选择（温州市）点击发布
2.3. 名称输入（温州市碳排放管理）考核类型选择（碳排放管理）评级选择（排放评级标准）标准说明输入（节能减排低碳生活）发布区域选择（温州市）点击保存
2.4. 名称输入（浙江省碳排放管理）考核类型选择（碳排放管理）评级选择（排放评级标准）标准说明输入（节能减排低碳生活）发布区域选择（浙江省）点击保存
2.5. 名称输入（温州市碳排放管理）考核类型选择（碳排放管理）评级选择（排放评级标准）标准说明输入（节能减排低碳生活）发布区域选择（温州市）点击保存
2.6. 名称输入（   温州市碳排放管理）考核类型选择（碳排放管理）评级选择（排放评级标准）标准说明输入（节能减排低碳生活）发布区域选择（温州市）点击保存
2.7. 名称输入（温州市碳排放管理    ）考核类型选择（碳排放管理）评级选择（排放评级标准）标准说明输入（节能减排低碳生活）发布区域选择（温州市）点击保存
2.8. 名称输入（温州市碳    排放管理）考核类型选择（碳排放管理）评级选择（排放评级标准）标准说明输入（节能减排低碳生活）发布区域选择（温州市）点击保存
2.9. 名称不输入（）考核类型选择（碳排放管理）评级选择（排放评级标准）标准说明输入（节能减排低碳生活）发布区域选择（温州市）点击保存
2.10. 名称输入（      ）考核类型选择（碳排放管理）评级选择（排放评级标准）标准说明输入（节能减排低碳生活）发布区域选择（温州市）点击保存
2.11. 名称输入（9999999999999999999）考核类型选择（碳排放管理）评级选择（排放评级标准）标准说明输入（节能减排低碳生活）发布区域选择（温州市）点击保存
2.12. 名称输入（）考核类型选择（）评级选择（）标准说明输入（）发布区域选择（）点击保存
2.13. 名称输入（温州市碳排放管理）考核类型不选择（）评级选择（排放评级标准）标准说明输入（节能减排低碳生活）发布区域选择（温州市）点击保存
2.14. 名称输入（温州市碳排放管理）考核类型选择（碳排放管理）评级不选择（）标准说明输入（节能减排低碳生活）发布区域选择（温州市）点击保存
2.15. 名称输入（温州市碳排放管理）考核类型选择（碳排放管理）评级选择（排放评级标准）标准说明不输入（）发布区域选择（温州市）点击保存
2.16. 名称输入（温州市碳排放管理）考核类型选择（碳排放管理）评级选择（排放评级标准）标准说明输入（节能减排低碳生活）发布区域不选择（）点击保存
2.17. 名称输入（温州市碳排放管理）考核类型选择（碳排放管理）评级选择（排放评级标准）标准说明输入（输入长度大于200字内容）发布区域选择（温州市）点击保存
3. 编辑考核标准
3.1. 重复用例步骤【2】
4. 新增考核名称
4.1. 点击考核项（温州市碳排放管理）点击子项新增输入序号（1）标题输入（低碳出行）分值输入（100）输入评分标准（测试评分）点击添加
4.2. 点击考核项（温州市碳排放管理）点击子项新增输入序号（1）标题输入（低碳出行）分值输入（100）输入评分标准（测试评分）点击添加
4.3. 点击考核项（温州市碳排放管理）点击子项新增不输入序号（）标题输入（低碳出行）分值输入（100）输入评分标准（测试评分）点击添加
4.4. 点击考核项（温州市碳排放管理）点击子项新增输入序号（1）标题不输入（）分值输入（100）输入评分标准（测试评分）点击添加
4.5. 点击考核项（温州市碳排放管理）点击子项新增输入序号（1）标题输入（低碳出行）分值不输入（）输入评分标准（测试评分）点击添加
4.6. 点击考核项（温州市碳排放管理）点击子项新增输入序号（1）标题输入（低碳出行）分值输入（100）不输入评分标准（）点击添加
4.7. 点击考核项（温州市碳排放管理）点击子项新增输入序号（  1）标题输入（低碳出行）分值输入（100）输入评分标准（测试评分）点击添加
4.8. 点击考核项（温州市碳排放管理）点击子项新增输入序号（1  ）标题输入（低碳出行）分值输入（100）输入评分标准（测试评分）点击添加
4.9. 点击考核项（温州市碳排放管理）点击子项新增输入序号（1）标题输入（   低碳出行）分值输入（100）输入评分标准（测试评分）点击添加
4.10. 点击考核项（温州市碳排放管理）点击子项新增输入序号（1）标题输入（低碳出行   ）分值输入（100）输入评分标准（测试评分）点击添加
4.11. 点击考核项（温州市碳排放管理）点击子项新增输入序号（1）标题输入（低碳   出行）分值输入（100）输入评分标准（测试评分）点击添加
4.12. 点击考核项（温州市碳排放管理）点击子项新增输入序号（1）标题输入（低碳出行）分值输入（   100）输入评分标准（测试评分）点击添加
4.13. 点击考核项（温州市碳排放管理）点击子项新增输入序号（1）标题输入（低碳出行）分值输入（100   ）输入评分标准（测试评分）点击添加
4.14. 点击考核项（温州市碳排放管理）点击子项新增输入序号（1）标题输入（低碳出行）分值输入（1   00）输入评分标准（测试评分）点击添加
4.15. 点击考核项（温州市碳排放管理）点击子项新增输入序号（1）标题输入（低碳出行）分值输入（0.01）输入评分标准（测试评分）点击添加
4.16. 点击考核项（温州市碳排放管理）点击子项新增输入序号（一）标题输入（低碳出行）分值输入（100）输入评分标准（测试评分）点击添加
4.17. 点击考核项（温州市碳排放管理）点击子项新增输入序号（@）标题输入（低碳出行）分值输入（100）输入评分标准（测试评分）点击添加
4.18. 点击考核项（温州市碳排放管理）点击子项新增输入序号（①）标题输入（低碳出行）分值输入（100）输入评分标准（测试评分）点击添加
4.19. 点击考核项（温州市碳排放管理）点击子项新增输入序号（0）标题输入（低碳出行）分值输入（100）输入评分标准（测试评分）点击添加
4.20. 点击考核项（温州市碳排放管理）点击子项新增输入序号（0.1）标题输入（低碳出行）分值输入（100）输入评分标准（测试评分）点击添加
4.21. 点击考核项（温州市碳排放管理）点击子项新增输入序号（-1）标题输入（低碳出行）分值输入（100）输入评分标准（测试评分）点击添加
4.22. 点击考核项（温州市碳排放管理）点击子项新增输入序号（9999999999）标题输入（低碳出行）分值输入（100）输入评分标准（测试评分）点击添加
4.23. 点击考核项（温州市碳排放管理）点击子项新增输入前置条件的（URL）标题输入（低碳出行）分值输入（100）输入评分标准（测试评分）点击添加
4.24. 点击考核项（温州市碳排放管理）点击子项新增输入序号（1）标题输入（低碳出行）分值输入（①①①）输入评分标准（测试评分）点击添加
4.25. 点击考核项（温州市碳排放管理）点击子项新增输入序号（1）标题输入（低碳出行）分值输入（一百）输入评分标准（测试评分）点击添加
4.26. 点击考核项（温州市碳排放管理）点击子项新增输入序号（1）标题输入（低碳出行）分值输入（！@#）输入评分标准（测试评分）点击添加
4.27. 点击考核项（温州市碳排放管理）点击子项新增输入序号（1）标题输入（低碳出行）分值输入（0.001）输入评分标准（测试评分）点击添加
4.28. 点击考核项（温州市碳排放管理）点击子项新增输入序号（1）标题输入（低碳出行）分值输入（①①①）输入评分标准（测试评分）点击添加
4.29. 点击考核项（温州市碳排放管理）点击子项新增输入序号（1）标题输入（低碳出行）分值输入（ABC）输入评分标准（测试评分）点击添加
4.30. 点击考核项（温州市碳排放管理）点击子项新增输入序号（1）标题输入（低碳出行）分值输入（.100）输入评分标准（测试评分）点击添加
4.31. 点击考核项（温州市碳排放管理）点击子项新增输入序号（1）标题输入（9999999999999）分值输入（100）输入评分标准（测试评分）点击添加
5. 编辑考核名称
5.1. 重复用例步骤【4】
6. 添加考核子项
6.1. 重复新增考核名称步骤【4】
7. 查询
7.1. 年份选择（2022）类型选择（碳排放管理）适用区域选择（浙江省）发布状态选择（未发布）点击查询
7.2. 年份选择（2022）类型选择（碳排放管理）适用区域选择（浙江省）发布状态选择（未发布）点击查询
7.3. 年份选择（2022）类型选择（碳排放管理）适用区域选择（温州市）发布状态选择（未发布）点击查询
7.4. 年份选择（2022）类型选择（碳排放管理）适用区域选择（浙江省）发布状态选择（已发布）点击查询
7.5. 年份选择（2022）类型选择（碳排放管理）适用区域选择（浙江省）发布状态选择（未发布）点击查询
7.6. 年份选择（2040）类型选择（碳排放管理）适用区域选择（瓯海区）发布状态选择（未发布）点击查询
7.7. 年份选择（1900）类型选择（碳排放管理）适用区域选择（浙江省）发布状态选择（已发布）点击查询
7.8. 年份选择（2022）类型选择（碳排放管理）适用区域选择（浙江省）发布状态不选择（）点击查询
7.9. 年份选择（2022）类型选择（碳排放管理）适用区域选择（）发布状态选择（）点击查询
7.10. 年份选择（）类型选择（）适用区域选择（）发布状态选择（）点击查询
8. 删除
8.1. 选择已发布状态考核项点击删除
8.2. 选择未发布状态考核项点击删除
8.3. 确认删除
9. 撤销
9.1. 选择已发布状态点击撤销
9.2. 确认撤销
9.3. 点击正在考核项目点击撤销
10. 条/页
10.1. 点击5条
10.2. 点击下一个
10.3. 点击10条
11. 除主管单位其他角色登录
11.1. 点击考核管理--考核标准管理","1. 
1.1. 显示地区的考核标准，发布年份机构
2. 
2.1. 弹出添加考核项小窗
2.2. 请检查考核项是否存在考核子项！，上方出现新增考核标准
2.3. 保存成功，考核项状态为未发布
2.4. 保存成功，考核项状态为未发布
2.5. 提示已有相同项
2.6. 保存失败
2.7. 保存失败
2.8. 保存失败
2.9. 保存失败
2.10. 保存失败
2.11. 保存失败
2.12. 提示请输入考核项
2.13. 保存失败
2.14. 保存失败
2.15. 保存失败
2.16. 保存失败
2.17. 保存失败，考核内容超出长度
3. 
3.1. 与预期一致
4. 
4.1. 添加成功，显示添加的子项
4.2. 保存失败，提示已有相同项
4.3. 保存失败，提示请输入序号
4.4. 保存失败，提示请输入标题
4.5. 保存失败，提示请输入分值
4.6. 保存失败，提示请输入评分标准
4.7. 保存失败，提示请输入正确序号
4.8. 保存失败，提示请输入正确序号
4.9. 保存失败，提示请输入正确标题
4.10. 保存失败，提示请输入正确标题
4.11. 保存失败，提示请输入正确标题
4.12. 保存失败，提示请输入正确分值
4.13. 保存失败，提示请输入正确分值
4.14. 保存失败，提示请输入正确分值
4.15. 保存失败，提示分值必须大于1
4.16. 保存失败，提示请输入正确序号
4.17. 保存失败，提示请输入正确序号
4.18. 保存失败，提示请输入正确序号
4.19. 保存失败，提示请输入正确序号
4.20. 保存失败，提示请输入正确序号
4.21. 保存失败，提示请输入正确序号
4.22. 保存失败，序号过长
4.23. 保存失败，序号过长
4.24. 保存失败，请输入正确分值
4.25. 保存失败，请输入正确分值
4.26. 保存失败，请输入正确分值
4.27. 保存失败，请输入正确分值
4.28. 保存失败，请输入正确分值
4.29. 保存失败，请输入正确分值
4.30. 保存失败，请输入正确分值
4.31. 保存失败，标题过长
5. 
5.1. 与预期一致
6. 
6.1. 
7. 
7.1. 查询成功，显示未发布状态考核项
7.2. 查询数据一致
7.3. 查询成功，显示温州市考核项
7.4. 查询成功，显示已发布考核项
7.5. 查询成功，2022年下半年能耗报表
7.6. 无数据
7.7. 无数据
7.8. 显示浙江省所有考核项
7.9. 显示2022年考核项
7.10. 默认显示全部
8. 
8.1. 无效点击，已发布状态无法删除
8.2. 询问是否删除考核项
8.3. 删除成功
9. 
9.1. 询问是否撤销
9.2. 撤销成功
9.3. 撤销失败，正在考核项无法撤销
10. 
10.1. 页面显示5条数据
10.2. 翻到第二页
10.3. 页面显示10条数据
11. 
11.1. 无此项","成功1. 
1.1. 
2. 
2.1. 
2.2. 
2.3. 
2.4. 
2.5. 
2.6. 
2.7. 
2.8. 
2.9. 
2.10. 
2.11. 
2.12. 
2.13. 
2.14. 
2.15. 
2.16. 
2.17. 
3. 
3.1. 
4. 
4.1. 
4.2. 
4.3. 
4.4. 
4.5. 
4.6. 
4.7. 
4.8. 
4.9. 
4.10. 
4.11. 
4.12. 
4.13. 
4.14. 
4.15. 
4.16. 
4.17. 
4.18. 
4.19. 
4.20. 
4.21. 
4.22. 
4.23. 
4.24. 
4.25. 
4.26. 
4.27. 
4.28. 
4.29. 
4.30. 
4.31. 
5. 
5.1. 
6. 
6.1. 
7. 
7.1. 
7.2. 
7.3. 
7.4. 
7.5. 
7.6. 
7.7. 
7.8. 
7.9. 
7.10. 
8. 
8.1. 
8.2. 
8.3. 
9. 
9.1. 
9.2. 
9.3. 
10. 
10.1. 
10.2. 
10.3. 
11. 
11.1.",,3,功能测试,"
功能测试阶段",正常,0,1,72,通过,王梦臣,2022/10/13,王梦臣,2022/11/3,3,,
428,温州市公共机构节能管理平台(#38),/用能总览(#115),,报表管理--常用报表--测试用例,"URL：http://121.40.61.197:9000/wzjngl/#/
账号：admin 密码：123456
浏览器：谷歌104版本
帐号已登录","1. 碳排放排名
1.1. 点击报表管理--常用报表
2. 查询
2.1. 区域选择（温州市）报表类型选择（区域能耗对标统计报表）资源类型选择（综合能耗）时段选择（年）年份选择（2021-2022）点击统计
2.2. 区域选择（温州市）报表类型选择（区域能耗对标统计报表）资源类型选择（综合能耗）时段选择（年）年份选择（2021-2022）点击统计
2.3. 区域选择（温州市）报表类型选择（区域能耗对标统计报表）资源类型选择（综合能耗）时段选择（月）年份选择（2022-10）点击统计
2.4. 区域选择（温州市）报表类型选择（区域能耗对标统计报表）资源类型选择（综合能耗）时段选择（日）年份选择（2022/10/01--2022/11/01）点击统计
2.5. 区域选择（瓯海区）报表类型选择（区域能耗对标统计表）能耗标准选择（2021年浙江省能耗指标）能耗指标选择（单位面积能耗(kgce/O)）点击统计
2.6. 区域选择（瓯海区）报表类型选择（区域能耗对标统计表）能耗标准选择（2021年浙江省能耗指标）能耗指标选择（人均电耗(kwh/p)）点击统计
2.7. 区域选择（瓯海区）报表类型选择（公共机构能耗对标明细报表）排序选择（升序）机构选择（不限）资源类型选择（综合能耗）时段选择（2022）能耗标准（2021年浙江省能耗指标）能耗指标（人均电耗(kwh/p)）点击统计
3. 导出
3.1. 区域选择（温州市）报表类型选择（区域能耗对标统计报表）资源类型选择（综合能耗）时段选择（年）年份选择（2021-2022）点击统计
4. 打印配置/报表
4.1. 点击打印配置
4.2. 点击打印报表","1. 
1.1. 显示报表项目
2. 
2.1. 统计成功，显示能耗报表
2.2. 数据一致
2.3. 统计成功
2.4. 统计成功
2.5. 统计成功
2.6. 统计成功
2.7. 统计成功
3. 
3.1. 导出成功，生成区域能耗对标统计2022年全部数据
4. 
4.1. 打印配置成功
4.2. 打印报表成功","成功1. 
1.1. 成功
2. 
2.1. 成功
2.2. 成功
2.3. 成功
2.4. 成功
2.5. 成功
2.6. 成功
2.7. 成功
3. 
3.1. 成功
4. 
4.1. 成功
4.2. 成功",,3,功能测试,"
功能测试阶段",正常,0,2,11,通过,王梦臣,2022/10/12,王梦臣,2022/11/3,2,,
427,温州市公共机构节能管理平台(#38),/用能总览(#115),,双碳应用--碳排放排名--测试用例,"URL：http://121.40.61.197:9000/wzjngl/#/
账号：admin 密码：123456
浏览器：谷歌104版本
帐号已登录","1. 碳排放排名
1.1. 点击双碳应用--碳排放排名
1.2. 继续用例【1.1】
2. 查询
2.1. 区域选择（温州市）统计指标（碳排放量）统计对象（按区域）开始年份选择（2020-2022）点击生成报表
2.2. 区域选择（温州市）统计指标（碳排放量）统计对象（按区域）开始年份选择（2020-2022）点击生成报表
2.3. 区域选择（瓯海区）统计指标（碳排放量）统计对象（按区域）开始年份选择（2020-2022）点击生成报表
2.4. 区域选择（温州市）统计指标（单位面积碳排放）统计对象（按区域）开始年份选择（2020-2022）点击生成报表
2.5. 区域选择（温州市）统计指标（人均碳排放）统计对象（按区域）开始年份选择（2020-2022）点击生成报表
2.6. 区域选择（温州市）统计指标（碳排放量）统计对象（按机构类型）开始年份选择（2020-2022）点击生成报表
2.7. 区域选择（温州市）统计指标（碳排放量）统计对象（按机构）开始年份选择（2020-2022）点击生成报表
2.8. 区域选择（温州市）统计指标（碳排放量）统计对象（按区域）开始年份选择（2029-2000）点击生成报表
2.9. 区域选择（温州市）统计指标（碳排放量）统计对象（按区域）开始年份选择（1999-1999）点击生成报表
2.10. 点击数据表格
2.11. 点击导出","1. 
1.1. 跳转至浙江省份碳资产表
1.2. 显示省份碳汇结构，碳源结构图饼方式
2. 
2.1. 查询成功，显示选择区域碳排放排名表，下方显示区域柱形统计图
2.2. 查询数据一致
2.3. 查询成功
2.4. 
2.5. 
2.6. 
2.7. 
2.8. 无数据
2.9. 无数据
2.10. 显示机构指标，排名
2.11. 导出文档成功","成功1. 
1.1. 成功
1.2. 成功
2. 
2.1. 成功
2.2. 成功
2.3. 成功
2.4. 成功
2.5. 成功
2.6. 成功
2.7. 成功
2.8. 成功
2.9. 成功
2.10. 成功
2.11. 成功",,3,功能测试,"
功能测试阶段",正常,0,1,13,通过,王梦臣,2022/10/12,王梦臣,2022/11/3,2,,
425,温州市公共机构节能管理平台(#38),/用能总览(#115),,双碳应用--碳足迹计算器--测试用例,"URL：http://121.40.61.197:9000/wzjngl/#/
账号：admin 密码：123456
浏览器：谷歌104版本
帐号已登录","1. 碳足迹计算器
1.1. 点击双碳应用--碳足迹计算器
1.2. 继续用例【1.1】
2. 查询
2.1. 选择（温州市）开始年份选择（2022）点击查询
2.2. 选择（温州市）开始年份选择（2022）多次点击查询
2.3. 选择（温州市-鹿城区-五马街道办事处）开始年份选择（2022）多次点击查询
2.4. 选择（）开始年份选择（2000）点击查询
2.5. 选择（温州市）开始年份选择（2029）点击查询
2.6. 点击查询数据生成的图饼信息
2.7. 点击图饼旁子项
3. 按照机构
3.1. 点击左侧机构国家机关
3.2. 重复用例步骤【2】
4. 新增活动
4.1. 选择（温州市）点击新增输入名称（test）活动类型选择（公务活动）区域选择（温州市）日期选择（2022/10/11）天数输入（7）活动规模输入（10）点击保存
4.2. 选择（温州市）点击新增输入名称（test）活动类型选择（公务活动）区域选择（温州市）日期选择（2022/10/11）天数输入（7）活动规模输入（10）点击保存
4.3. 选择（温州市）点击新增输入名称（test）活动类型选择（公务活动）区域选择（温州市）日期选择（2022/10/11）天数输入（）活动规模输入（10）点击保存
4.4. 选择（温州市）点击新增输入名称（test）活动类型选择（公务活动）区域选择（温州市）日期选择（2022/10/11）天数输入（7）活动规模输入（）点击保存
4.5. 选择（温州市）点击新增输入名称（）活动类型选择（公务活动）区域选择（温州市）日期选择（2022/10/11）天数输入（7）活动规模输入（10）点击保存
4.6. 选择（温州市）点击新增输入名称（空白格）活动类型选择（公务活动）区域选择（温州市）日期选择（2022/10/11）天数输入（7）活动规模输入（10）点击保存
4.7. 选择（温州市）点击新增输入名称（test）活动类型选择（公务活动）区域选择（温州市）日期选择（2022/10/11）天数输入（空白格）活动规模输入（10）点击保存
4.8. 选择（温州市）点击新增输入名称（test）活动类型选择（公务活动）区域选择（温州市）日期选择（2022/10/11）天数输入（7）活动规模输入（空白格）点击保存
4.9. 选择（温州市）点击新增输入名称（test）活动类型选择（公务活动）区域选择（温州市）日期选择（2022/10/11）天数输入（0.1）活动规模输入（10）点击保存
4.10. 选择（温州市）点击新增输入名称（test）活动类型选择（公务活动）区域选择（温州市）日期选择（2022/10/11）天数输入（7）活动规模输入（0.1）点击保存
4.11. 选择（温州市）点击新增输入名称（test）活动类型选择（公务活动）区域选择（）日期选择（2022/10/11）天数输入（7）活动规模输入（0.1）点击保存
4.12. 选择（温州市）点击新增输入名称（test）活动类型选择（公务活动）区域选择（温州市）日期选择（）天数输入（7）活动规模输入（0.1）点击保存
4.13. 选择（）点击新增输入名称（）活动类型选择（公务活动）区域选择（）日期选择（）天数输入（）活动规模输入（）点击保存
4.14. 选择（温州市）点击新增输入名称（test）活动类型选择（公务活动）区域选择（温州市）日期选择（2022/10/11）天数输入（1     7）活动规模输入（1    0）点击保存
5. 设置碳排放源
5.1. 点击设置碳排放源
5.2. 点击新增
5.3. 类别选择（交通）碳排放源选择（碳排放管理）输入碳排放源数量（90）点击保存
5.4. 类别选择（）碳排放源选择（碳排放管理）输入碳排放源数量（90）点击保存
5.5. 类别选择（交通）碳排放源选择（碳排放管理）输入碳排放源数量（）点击保存
5.6. 类别选择（交通）碳排放源选择（碳排放管理）输入碳排放源数量（空白格）点击保存
5.7. 类别选择（交通）碳排放源选择（碳排放管理）输入碳排放源数量（文字、符号、URL、大小写英文）点击保存","1. 
1.1. 跳转至浙江省份碳资产表
1.2. 显示省份碳汇结构，碳源结构图饼方式
2. 
2.1. 查询成功，显示选择区域时间段碳资产表
2.2. 查询数据一致
2.3. 查询成功，显示五马街道办事处碳资产表
2.4. 无数据
2.5. 无数据
2.6. 显示选中详细数据
2.7. 隐藏该项
3. 
3.1. 切换国家机关能耗页面，显示柱形统计图，图饼统计图，建筑面积用能数量
3.2. 与预期一致
4. 
4.1. 保存成功显示新增项
4.2. 保存失败，已有该项
4.3. 请输入天数
4.4. 请输入活动规模
4.5. 请输入名称
4.6. 请输入名称
4.7. 请输入活动天数
4.8. 请输入活动规模
4.9. 请输入天数大于或等于1
4.10. 请输入规模大于或等于1
4.11. 请选择区域
4.12. 请选择日期
4.13. 请输入必填项
4.14. 请输入正确活动天数/活动规模
5. 
5.1. 按钮生效弹出小窗
5.2. 弹出碳排放类别选项
5.3. 新增成功
5.4. 碳排放源无数据
5.5. 保存失败，请输入碳排放源数量
5.6. 保存失败，请输入碳排放源数量
5.7. 保存失败，请输入正确数值","1. 
1.1. 
1.2. 
2. 
2.1. 
2.2. 
2.3. 
2.4. 
2.5. 
2.6. 
2.7. 
3. 
3.1. 
3.2. 
4. 
4.1. 
4.2. 
4.3. 
4.4. 
4.5. 
4.6. 
4.7. 
4.8. 
4.9. 
4.10. 
4.11. 
4.12. 
4.13. 
4.14. 
5. 
5.1. 
5.2. 
5.3. 
5.4. 
5.5. 
5.6. 
5.7.",,3,功能测试,"
功能测试阶段",正常,0,2,32,通过,王梦臣,2022/10/11,王梦臣,2022/11/3,2,,
424,温州市公共机构节能管理平台(#38),/用能总览(#115),,双碳应用--机构碳盘查--测试用例,"URL：http://121.40.61.197:9000/wzjngl/#/
账号：330300C000001 密码：zj123456
浏览器：谷歌104版本
帐号已登录","1. 机构碳盘查
1.1. 点击双碳应用--机构碳盘查
2. 新建盘查表
2.1. 点击新建碳盘查表
2.2. 点击瓯海区--温州市瓯海区区级机关事务管理中心
--点击新建碳盘查表
2.3. 年份选择（2022）时段选择（全年）点击新增
2.4. 排放类别选择（交通）碳排放源选择（碳排放管理）输入碳排放源（999）
2.5. 排放类别选择（饮食）碳排放源选择（碳排放管理）输入碳排放源（999）
2.6. 排放类别选择（交通）碳排放源选择（碳排放管理）输入碳排放源（-999）
2.7. 排放类别选择（交通）碳排放源选择（碳排放管理）输入碳排放源（）
2.8. 排放类别选择（交通）碳排放源选择（温州市碳排放管理）输入碳排放源（10）
2.9. 排放类别选择（交通）碳排放源选择（碳排放管理）输入碳排放源（！@#）
2.10. 排放类别选择（交通）碳排放源选择（碳排放管理）输入碳排放源（ABC）
3. 修改盘查表
3.1. 重复新增碳盘查步骤
4. 删除盘查表
4.1. 点击删除
4.2. 点击确定
5. 导出盘查表
5.1. 点击瓯海区--温州市瓯海区区级机关事务管理中心
--点击新建碳盘查表--点击导出
6. 按照机构
6.1. 点击左侧机构国家机关
6.2. 重复用例步骤【2】
7. 关键词搜索
7.1. 输入（温州市）
7.2. 输入（温）
7.3. 输入（  温州市）
7.4. 输入（温州  市）
7.5. 输入（温州市   ）
7.6. 输入（温州市1）
7.7. 输入（温州市1！@）
7.8. 输入（温州市.）
7.9. 输入（）
7.10. 输入（   ）
7.11. 输入（！@#）
7.12. 输入（杭州市,温州市）
7.13. 输入（hangzhoushi）","1. 
1.1. 跳转至温州省份碳盘查表
2. 
2.1. 提示请选择具体机构
2.2. 弹出小窗新增按键生效
2.3. 下方出现新增类别
2.4. 自动计算碳排放量
2.5. 保存成功
2.6. 保存失败，请输入正确数值
2.7. 请输入碳排放源
2.8. 保存成功
2.9. 保存失败
2.10. 保存失败
3. 
3.1. 与预期一致
4. 
4.1. 询问确定删除
4.2. 删除成功
5. 
5.1. 导出成功，生成表格
6. 
6.1. 切换显示文化事业、国家机关、体育事业、科技事业、团体组织、卫生事业、教育事业
6.2. 与预期一致
7. 
7.1. 显示杭州市
7.2. 显示杭州市
7.3. 无数据
7.4. 无数据
7.5. 无数据
7.6. 无数据
7.7. 无数据
7.8. 无数据
7.9. 无数据
7.10. 无数据
7.11. 无数据
7.12. 无数据
7.13. 无数据","成功1. 
1.1. 成功
2. 
2.1. 成功
2.2. 成功
2.3. 成功
2.4. 成功
2.5. 成功
2.6. 成功
2.7. 成功
2.8. 成功
2.9. 成功
2.10. 成功
3. 
3.1. 成功
4. 
4.1. 成功
4.2. 成功
5. 
5.1. 成功
6. 
6.1. 成功
6.2. 成功
7. 
7.1. 成功
7.2. 成功
7.3. 成功
7.4. 成功
7.5. 成功
7.6. 成功
7.7. 成功
7.8. 成功
7.9. 成功
7.10. 成功
7.11. 成功
7.12. 成功
7.13. 成功",,3,功能测试,"
功能测试阶段",正常,0,1,30,通过,王梦臣,2022/10/11,王梦臣,2022/11/3,3,,
423,温州市公共机构节能管理平台(#38),/用能总览(#115),,双碳应用--碳排放源管理--测试用例,"URL：http://121.40.61.197:9000/wzjngl/#/
账号：330300C000001 密码：zj123456
浏览器：谷歌104版本
帐号已登录","1. 碳排放因子管理
1.1. 点击双碳应用--碳排放源管理
1.2. 点击新增按键
2. 新增
2.1. 名称输入（温州市碳排放）因子类别选择（碳排放）单位输入（t）折算系数输入（100）类别选择（交通）点击保存
2.2. 名称输入（温州市碳排放）因子类别选择（碳排放）单位输入（t）折算系数输入（100）类别选择（交通）点击保存
2.3. 名称输入（温州市碳排放）因子类别选择（碳排放）单位输入（t）折算系数输入（100.5）类别选择（食物）点击保存
2.4. 名称输入（ ）因子类别选择（碳排放）单位输入（t）折算系数输入（100）类别选择（交通）点击保存
2.5. 名称输入（温州市碳排放）因子类别不选择（ ）单位输入（t）折算系数输入（100）类别选择（交通）点击保存
2.6. 名称输入（）因子类别选择（）单位输入（）折算系数输入（）类别选择（）点击保存
2.7. 名称输入（温州市碳排放）因子类别选择（碳排放）单位输入（t）折算系数输入（    100）类别选择（交通）点击保存
2.8. 名称输入（温州市碳排放）因子类别选择（碳排放）单位输入（t）折算系数输入（1   00）类别选择（交通）点击保存
2.9. 名称输入（温州市碳排放）因子类别选择（碳排放）单位输入（t）折算系数输入（100    ）类别选择（交通）点击保存
2.10. 名称输入（温州市碳排放）因子类别选择（碳排放）单位输入（t）折算系数输入（0.001）类别选择（交通）点击保存
2.11. 名称输入（温州市碳排放）因子类别选择（碳排放）单位输入（t）折算系数输入（）类别选择（交通）点击保存
2.12. 名称输入（温州市碳排放）因子类别选择（碳排放）单位输入（t）折算系数输入（9999999999）类别选择（交通）点击保存
2.13. 名称输入（温州市碳排放）因子类别选择（碳排放）单位输入（t）折算系数输入（！@#）类别选择（交通）点击保存
2.14. 名称输入（温州市碳排放）因子类别选择（碳排放）单位输入（t）折算系数输入（浙江力德）类别选择（交通）点击保存
2.15. 名称输入（温州市碳排放）因子类别选择（碳排放）单位输入（t）折算系数输入（-100）类别选择（交通）点击保存
2.16. 名称输入（温州市碳排放）因子类别选择（碳排放）单位输入（t）折算系数输入（A100）类别选择（交通）点击保存
2.17. 名称输入（温州市碳排放）因子类别选择（碳排放）单位输入（t）折算系数输入（URL）类别选择（交通）点击保存
2.18. 名称输入（温州市碳排放）因子类别选择（碳排放）单位输入（t）折算系数输入（⑩）类别选择（交通）点击保存
2.19. 名称输入（温州市碳排放）因子类别选择（碳排放）单位输入（t）折算系数输入（10*10）类别选择（交通）点击保存
3. 查询
3.1. 类别选择（碳排放）点击查询
3.2. 类别选择（碳中和）点击查询
4. 编辑
4.1. 重复新增用例步骤【2】
5. 删除
5.1. 点击删除，确认删除
5.2. 点击删除，点击取消
5.3. 勾选碳排放项点击批量删除","1. 
1.1. 跳转成功显示增，删，改，查，类别功能及碳排放名称
1.2. 按键生效，弹出新增小窗，显示新增填写项
2. 
2.1. 新增成功，界面出现新增项
2.2. 新增失败，已有该项内容
2.3. 新增成功，界面出现新增项
2.4. 新增失败，请输入名称
2.5. 新增失败，请输入名称
2.6. 请输入内容
2.7. 新增失败，请输入正确系数
2.8. 新增失败，请输入正确系数
2.9. 新增失败，请输入正确系数
2.10. 新增失败，折算系数需大于0.1
2.11. 新增失败，请输入正确系数
2.12. 新增失败，请输入正确系数
2.13. 新增失败，请输入正确系数
2.14. 新增失败，请输入正确系数
2.15. 新增失败，请输入正确系数
2.16. 新增失败，请输入正确系数
2.17. 新增失败，请输入正确系数
2.18. 新增失败，请输入正确系数
2.19. 新增失败，请输入正确系数
3. 
3.1. 显示所有排放项
3.2. 显示所有中和项
4. 
4.1. 与预期一致
5. 
5.1. 询问是否删除，删除成功
5.2. 取消操作
5.3. 删除成功","成功1. 
1.1. 成功
1.2. 成功
2. 
2.1. 成功
2.2. 成功
2.3. 成功
2.4. 成功
2.5. 成功
2.6. 成功
2.7. 成功
2.8. 成功
2.9. 成功
2.10. 成功
2.11. 成功
2.12. 成功
2.13. 成功
2.14. 成功
2.15. 成功
2.16. 成功
2.17. 成功
2.18. 成功
2.19. 成功
3. 
3.1. 成功
3.2. 成功
4. 
4.1. 成功
5. 
5.1. 成功
5.2. 成功
5.3. 成功",,3,功能测试,"
功能测试阶段",正常,0,1,27,通过,王梦臣,2022/10/11,王梦臣,2022/11/30,2,,
421,温州市公共机构节能管理平台(#38),/用能总览(#115),,节能专项管理--节能专项信息管理--测试用例,"URL：http://121.40.61.197:9000/wzjngl/#/
账号：330300C000001 密码：zj123456
浏览器：谷歌104版本
帐号已登录","1. 机构能耗精细化管理
1.1. 点击节能专项管理--节能专项信息管理
2. 新增
2.1. 点击下方新增按钮
2.2. 点击左侧瓯海区点击下方新增项目
2.3. 输入网址（http://www.baidu.com）点击测试网址
2.4. 不输入网址（）点击测试网址
2.5. 不输入网址（123）点击测试网址
2.6. 不输入网址（！@#）点击测试网址
2.7. 不输入网址（空白格）点击测试网址
2.8. 输入不存在（RUL）点击测试网址
2.9. 机构列别选择（温州市瓯海区区级机关事务管理中心）输入名称（温州市瓯海区区级机关事务管理中心）项目等级选择（区县级）项目类型选择（重点用能单位）点击保存
2.10. 机构列表选择（温州市瓯海区区级机关事务管理中心）输入名称（温州市瓯海区区级机关事务管理中心）项目等级选择（区县级）项目类型选择（重点用能单位）点击保存
2.11. 机构列表选择（温州市公安局瓯海区分局心）输入名称（温州市公安局瓯海区分局）项目等级选择（区县级）输入项目地址（http://www.baidu.com）输入项目介绍（test）项目类型选择（重点用能单位）点击保存
2.12. 机构列表选择（温州市瓯海区交通运输局）点击能耗精细化管理输入名称（温州市瓯海区交通运输局）项目等级选择（区县级）项目类型选择（能耗精细化管理）点击保存
2.13. 机构列表选择（教育局）点击重点用能设备输入名称（教育局）项目等级选择（区县级）项目类型选择（能耗精细化管理）点击保存
2.14. 不输入名称（）项目等级选择（区县级）项目类型选择（重点用能单位）点击保存
2.15. 输入空白格名称（         ）项目等级选择（区县级）项目类型选择（重点用能单位）点击保存
3. 编辑
3.1. 重复新增用例步骤
4. 查询
4.1. 选择（瓯海区）能耗标准选择（2022年浙江省温州市能耗指标）能耗指标选择（人均能耗(kgce/p)）定额标准选择（2022年浙江省温州市定额指标）定额指标选择（人均能耗(kgce/p)）

4.2. 选择（瓯海区）能耗标准（2022年浙江省温州市能耗指标）能耗指标（单位面积能耗(kgce/O)）定额标准（2022年浙江省温州市定额指标）定额指标（单位面积能耗(kgce/O)）

4.3. 点击下方（能耗精细化管理）
4.4. 点击下方（重点用能设备）
5. 导出
5.1. 查询数据后点击导出表格","1. 
1.1. 跳转成功界面无错位，重叠错别字现象，显示能耗精细化管理，单位机构-区域-机构类型-项目类型
2. 
2.1. 提示请选择区县级
2.2. 弹出新增小窗
2.3. 跳转至测试网址
2.4. 空白页无响应
2.5. 空白页无响应
2.6. 空白页无响应
2.7. 空白页无响应
2.8. 空白页无响应
2.9. 保存成功、下方显示新增项
2.10. 已有该项
2.11. 保存成功
2.12. 保存成功、能耗精细化显示新增项
2.13. 保存成功
2.14. 提示请输入名称、无法保存
2.15. 提示请输入名称、无法保存
3. 
3.1. 与预期一致
4. 
4.1. 页面刷新按照选择显示内容
4.2. 页面刷新按照选择显示内容
4.3. 切换成功显示瓯海区精细化管理项目
4.4. 切换成功显示瓯海区重点用能设备项目
5. 
5.1. 导出成功","成功1. 
1.1. 成功
2. 
2.1. 成功
2.2. 成功
2.3. 成功
2.4. 成功
2.5. 成功
2.6. 成功
2.7. 成功
2.8. 成功
2.9. 成功
2.10. 成功
2.11. 成功
2.12. 成功
2.13. 成功
2.14. 成功
2.15. 成功
3. 
3.1. 成功
4. 
4.1. 成功
4.2. 成功
4.3. 成功
4.4. 成功
5. 
5.1. 成功",,3,功能测试,"
功能测试阶段",正常,0,1,22,通过,王梦臣,2022/10/10,王梦臣,2022/11/2,3,,
420,温州市公共机构节能管理平台(#38),/用能总览(#115),,能源管理--能耗分析--对标/额定分析--测试用例,"URL：http://121.40.61.197:9000/wzjngl/#/
账号：330300C000001  密码：zj123456
浏览器：谷歌104版本
帐号已登录","1. 能耗对标分析
1.1. 点击节能专项管理--能耗分析--对标/额定分析
1.2. 继续用例【1.1】
2. 按照上下级--能耗对标分析
2.1. 点击左侧上下级选择（温州市）选择（能耗对标分析）分析年份选择（2022）参考选择（2022年浙江省省本级能耗指标）能耗指标选择（人均能耗）查询对象选择（区域）点击查询
2.2. 点击左侧上下级选择（温州市）选择（能耗对标分析）分析年份选择（2022）参考选择（2022年浙江省省本级能耗指标）能耗指标选择（单位面积电耗）查询对象选择（区域）点击查询
2.3. 点击左侧上下级选择（温州市）选择（能耗对标分析）分析年份选择（2022）参考选择（2022年浙江省省本级能耗指标）能耗指标选择（人均能耗）查询对象选择（机构类型）点击查询
2.4. 点击左侧上下级选择（温州市）选择（能耗对标分析）分析年份选择（2022）参考选择（2022年浙江省省本级能耗指标）能耗指标选择（人均能耗）查询对象选择（机构类型）点击查询
2.5. 点击左侧上下级选择（温州市）选择（能耗对标分析）分析年份选择（2050）参考选择（2022年浙江省省本级能耗指标）能耗指标选择（人均能耗）查询对象选择（区域）点击查询
2.6. 点击左侧上下级不选择（）选择（能耗对标分析）分析年份选择（2022）参考选择（2022年浙江省省本级能耗指标）能耗指标选择（人均能耗）查询对象选择（区域）点击查询
3. 按照上下级--能耗额定分析
3.1. 点击左侧上下级选择（温州市）选择（能耗额定分析）分析年份选择（2022）参考选择（2022年浙江省定额指标）能耗指标选择（人均能耗）查询对象选择（区域）点击查询
3.2. 点击左侧上下级选择（瓯海区）选择（能耗额定分析）分析年份选择（2022）参考选择（2022年浙江省定额指标）能耗指标选择（单位面积能耗）查询对象选择（区域）点击查询
3.3. 重复用例步骤【2】
4. 按照机构
4.1. 点击左侧机构国家机关
4.2. 重复用例步骤【2】
5. 关键词搜索
5.1. 输入（温州市）
5.2. 输入（温）
5.3. 输入（ 温州市）
5.4. 输入（温州  市）
5.5. 输入（温州市  ）
5.6. 输入（温州市1）
5.7. 输入（温州市1！@）
5.8. 输入（温州市.）
5.9. 输入（）
5.10. 输入（   ）
5.11. 输入（！@#）
5.12. 输入（杭州市,温州市）
5.13. 输入（hangzhoushi）","1. 
1.1. 跳转至浙江省份对比分析页面
1.2. 显示柱形统计图以及下级达标情况
2. 
2.1. 显示查询省份达标情况，按照柱形统计图区分，机构数量，对标数量，下级单位完成情况
2.2. 显示省份达标情况，按照柱形统计图区分，机构数量，对标数量，下级单位完成情况
2.3. 显示机构类型完成度，达标率，以及柱形统计图
2.4. 显示机构完成度，达标率，以及柱形统计图
2.5. 无数据
2.6. 暂无数据...
3. 
3.1. 显示分析范围，区域，机构数量，对标数量，额定标准，超定额总量，总定额突破率，以及区域定额考核明细
3.2. 显示分析范围，区域，机构数量，对标数量，额定标准，超定额总量，总定额突破率，以及区域定额考核明细
3.3. 与预期一致
4. 
4.1. 切换国家机关能耗页面，显示柱形统计图，图饼统计图，建筑面积用能数量
4.2. 与预期一致
5. 
5.1. 显示杭州市
5.2. 显示杭州市
5.3. 无数据
5.4. 无数据
5.5. 无数据
5.6. 无数据
5.7. 无数据
5.8. 无数据
5.9. 无数据
5.10. 无数据
5.11. 无数据
5.12. 无数据
5.13. 无数据","成功1. 
1.1. 
1.2. 
2. 
2.1. 
2.2. 
2.3. 
2.4. 
2.5. 
2.6. 
3. 
3.1. 
3.2. 
3.3. 
4. 
4.1. 
4.2. 
5. 
5.1. 
5.2. 
5.3. 
5.4. 
5.5. 
5.6. 
5.7. 
5.8. 
5.9. 
5.10. 
5.11. 
5.12. 
5.13.",,3,功能测试,"
功能测试阶段",正常,0,1,26,通过,王梦臣,2022/10/10,王梦臣,2022/11/2,3,,
419,温州市公共机构节能管理平台(#38),/用能总览(#115),,能源资源管理--能耗诊断--测试用例,"URL：http://121.40.61.197:9000/wzjngl/#/
账号：admin 密码：123456
浏览器：谷歌104版本
帐号已登录","1. 能耗诊断
1.1. 点击能源资源管理--能耗诊断
1.2. 继续用例【1.1】
2. 按照上下级
2.1. 点击左侧上下级选择（温州市）分析类型选择（能耗评价）分析内容选择（气温变化）时间选择（2022）点击能耗诊断
2.2. 点击左侧上下级选择（温州市）分析类型选择（能耗评价）分析内容选择（全部）时间选择（2022）点击能耗诊断
2.3. 滑动右侧文档--查看文档内容
2.4. 点击放大/缩小
2.5. 点击反转
2.6. 点击右上角下载
2.7. 点击打印
2.8. 点击左侧上下级选择（杭州市）分析类型选择（能耗评价）分析内容选择（气温变化）时间选择（2080）点击能耗诊断
2.9. 点击左侧上下级选择（杭州市）分析类型选择（能耗评价）分析内容选择（气温变化）时间选择（1990）点击能耗诊断
2.10. 点击左侧上下级不选择（）分析类型选择（能耗评价）分析内容选择（气温变化）时间选择（2022）点击能耗诊断
2.11. 点击左侧上下级选择（杭州市）分析类型选择（能耗评价）分析内容不选择（）时间选择（2022）点击能耗诊断
3. 按照机构
3.1. 点击左侧机构国家机关
3.2. 重复用例步骤【2】
4. 关键词搜索
4.1. 输入（温州市）
4.2. 输入（温州市）
4.3. 输入（  杭州市）
4.4. 输入（浙江省）
4.5. 输入（杭州   市）
4.6. 输入（杭州市   ）
4.7. 输入（杭州市1）
4.8. 输入（杭州市1！@）
4.9. 输入（杭州市.）
4.10. 输入（）
4.11. 输入（   ）
4.12. 输入（！@#）
4.13. 输入（杭州市,温州市）
4.14. 输入（hangzhoushi）","1. 
1.1. 进入同比环比页面-默认显示浙江省份信息
1.2. 显示PDF文档
2. 
2.1. 生成PDF文档，显示选中能耗信息
2.2. 生成PDF文档，显示选中能耗信息
2.3. 翻页成功
2.4. 切换成功
2.5. 横屏查看
2.6. 下载成功
2.7. 打印成功
2.8. 无数据
2.9. 暂无数据...
2.10. 无数据
2.11. 暂无数据
3. 
3.1. 切换国家机关能耗页面，显示柱形统计图，图饼统计图，建筑面积用能数量
3.2. 与预期一致
4. 
4.1. 显示杭州市
4.2. 显示杭州市
4.3. 无数据
4.4. 无数据
4.5. 无数据
4.6. 无数据
4.7. 无数据
4.8. 无数据
4.9. 无数据
4.10. 无数据
4.11. 无数据
4.12. 无数据
4.13. 无数据
4.14. 无数据","1. 
1.1. 
1.2. 
2. 
2.1. 
2.2. 
2.3. 
2.4. 
2.5. 
2.6. 
2.7. 
2.8. 
2.9. 
2.10. 
2.11. 
3. 
3.1. 
3.2. 
4. 
4.1. 
4.2. 
4.3. 
4.4. 
4.5. 
4.6. 
4.7. 
4.8. 
4.9. 
4.10. 
4.11. 
4.12. 
4.13. 
4.14.",,3,功能测试,"
功能测试阶段",正常,0,0,29,,王梦臣,2022/10/10,王梦臣,2022/11/2,2,,
418,温州市公共机构节能管理平台(#38),/用能总览(#115),,能源资源管理--能耗分析--占比分析--测试用例,"URL：http://121.40.61.197:9000/wzjngl/#/
账号：330300C000001 密码：zj123456
浏览器：谷歌104版本
帐号已登录","1. 占比分析
1.1. 点击能耗分析--占比分析
1.2. 继续用例【1.1】
2. 按照上下级
2.1. 点击左侧上下级选择（温州市）
2.2. 选择下级点击查询
2.3. 机构选择（温州市）上方资源类型选择（电）时段为（年）选择（2022）年点击查询
2.4. 机构选择（温州市瓯海区区级机关事务管理）上方资源类型选择（电）时段为（年）选择（2022）年点击查询
2.5. 机构选择（温州市瓯海区区级机关事务管理）上方资源类型选择（水）时段为（月）选择（2022/08）年点击查询
2.6. 机构选择（温州市瓯海区区级机关事务管理）上方资源类型选择（燃气）时段为（年）选择（2030）年点击查询
2.7. 机构选择（温州市瓯海区区级机关事务管理）上方资源类型选择（水）时段为（月）选择（2028/08）年点击查询
2.8. 机构选择（温州市瓯海区区级机关事务管理）上方资源类型选择（电）时段为（月）选择（2000/08）年点击查询
2.9. 机构选择（温州市瓯海区区级机关事务管理）上方资源类型选择（燃气）时段为（年）选择（2080）年点击查询
2.10. 点击下方柱形选择一月时间段
3. 按照机构
3.1. 点击左侧机构国家机关
3.2. 重复用例步骤【2】
4. 关键词搜索
4.1. 输入（温州市）
4.2. 输入（温）
4.3. 输入（  温州市）
4.4. 输入（ 温州  市）
4.5. 输入（温州市   ）
4.6. 输入（温州市1）
4.7. 输入（温州市1！@）
4.8. 输入（温州市.）
4.9. 输入（）
4.10. 输入（   ）
4.11. 输入（！@#）
4.12. 输入（杭州市,温州市）
4.13. 输入（hangzhoushi）","1. 
1.1. 进入同比环比页面-默认显示浙江省份信息
1.2. 显示柱形统计图，图饼统计图，建筑面积用能数量
2. 
2.1. 切换温州市能耗页面，显示柱形统计图，图饼统计图，建筑面积用能数量
2.2. 显示选中区域同比能耗总览
2.3. 显示温州市所有资源消费量
2.4. 显示2022年能耗统计
2.5. 显示2022/08月能耗统计信息
2.6. 暂无数据
2.7. 暂无数据...
2.8. 暂无数据...
2.9. 暂无数据...
2.10. 显示该时间段能耗总量变化趋势
3. 
3.1. 切换国家机关能耗页面，显示柱形统计图，图饼统计图，建筑面积用能数量
3.2. 与预期一致
4. 
4.1. 显示杭州市
4.2. 显示杭州市
4.3. 无数据
4.4. 无数据
4.5. 无数据
4.6. 无数据
4.7. 无数据
4.8. 无数据
4.9. 无数据
4.10. 无数据
4.11. 无数据
4.12. 无数据
4.13. 无数据","成功1. 
1.1. 成功
1.2. 成功
2. 
2.1. 成功
2.2. 成功
2.3. 成功
2.4. 成功
2.5. 成功
2.6. 成功
2.7. 成功
2.8. 成功
2.9. 成功
2.10. 成功
3. 
3.1. 成功
3.2. 成功
4. 
4.1. 成功
4.2. 成功
4.3. 成功
4.4. 成功
4.5. 成功
4.6. 成功
4.7. 成功
4.8. 成功
4.9. 成功
4.10. 成功
4.11. 成功
4.12. 成功
4.13. 成功",,3,功能测试,"
功能测试阶段",正常,0,2,27,通过,王梦臣,2022/10/10,王梦臣,2022/11/2,2,,
417,温州市公共机构节能管理平台(#38),/用能总览(#115),,能源资源管理--能耗分析--趋势分析--测试用例,"URL：http://121.40.61.197:9000/wzjngl/#/
账号：admin 密码：123456
浏览器：谷歌104版本
帐号已登录","1. 趋势分析
1.1. 点击能耗分析--趋势分析
1.2. 继续用例【1.1】
2. 按照上下级
2.1. 点击左侧上下级选择（温州市）
2.2. 选择下级，点击查询
2.3. 上方分析类型选择（同比）时段为（年）选择（2022）年点击查询
2.4. 上方分析类型选择（环比）时段为（月）选择（2022/08）年点击查询
2.5. 上方分析类型选择（自由对比）时段为（月）选择（2020--2022）年点击查询
2.6. 上方分析类型选择（同比）时段为（月）选择（2028/08）年点击查询
2.7. 上方分析类型选择（环比）时段为（月）选择（2000/08）年点击查询
2.8. 上方分析类型选择（同比）时段为（年）选择（2080）年点击查询
2.9. 点击下方柱形选择一月时间段
3. 按照机构
3.1. 点击左侧机构国家机关
3.2. 重复用例步骤【2】
4. 更多查询条件
4.1. 点击更多查询条件
4.2. 对象类型选择（机构类型）资源分析选择（电）分析指标选择（消耗量）统计人口选择（全部）点击查询
4.3. 对象类型选择（机构类型）资源分析选择（水）分析指标选择（消耗量）统计人口选择（科学事业）点击查询
4.4. 点击柱形统计图旁的（数据表格）
4.5. 点击降序
4.6. 点击升序","1. 
1.1. 进入同比环比页面-默认显示浙江省份信息
1.2. 显示柱形统计图，图饼统计图，建筑面积用能数量
2. 
2.1. 切换温州市能耗页面，显示柱形统计图，图饼统计图，建筑面积用能数量
2.2. 显示选中区域同比能耗总览
2.3. 显示2022年能耗统计
2.4. 显示2022/08月能耗统计信息
2.5. 查询成功，显示该年份能耗总览
2.6. 暂无数据...
2.7. 暂无数据...
2.8. 暂无数据...
2.9. 显示该时间段能耗总量变化趋势
3. 
3.1. 切换国家机关能耗页面，显示柱形统计图，图饼统计图，建筑面积用能数量
3.2. 与预期一致
4. 
4.1. 弹出对象类型-资源分项-分析指标-统计口径
4.2. 查询成功，按照搜索内容显示
4.3. 查询成功，按照搜索内容显示
4.4. 切换成功，显示升序和降序功能切换
4.5. 切换成功，表格安好降序排列
4.6. 切换成功，表格安好升序排列","成功1. 
1.1. 成功
1.2. 成功
2. 
2.1. 成功
2.2. 成功
2.3. 成功
2.4. 成功
2.5. 成功
2.6. 成功
2.7. 成功
2.8. 成功
2.9. 成功
3. 
3.1. 成功
3.2. 成功
4. 
4.1. 成功
4.2. 成功
4.3. 成功
4.4. 成功
4.5. 成功
4.6. 成功",,3,功能测试,"
功能测试阶段",正常,0,2,19,通过,王梦臣,2022/10/10,王梦臣,2022/11/2,2,,
416,温州市公共机构节能管理平台(#38),/用能总览(#115),,能源资源管理--能耗监测--测试用例,"URL：http://121.40.61.197:9000/wzjngl/#/
账号：admin 密码：123456
浏览器：谷歌104版本
帐号已登录","1. 首页
1.1. 点击能耗监测--用能管理
1.2. 继续用例【1.1】
2. 按照上下级
2.1. 点击左侧上下级选择（温州市）
2.2. 点击温州市
2.3. 选择下级点击查询
2.4. 按照机构选择温州市上方资源类型切换（综合能耗）时段为（年）选择（2022）年点击查询
2.5. 按照机构选择温州市上方资源类型切换（综合能耗）时段为（日）选择（2022/10/01-2022/10/10）年点击查询
2.6. 按照机构选择瓯海区上方资源类型切换（燃气）时段为（年）选择（2022）年点击查询
2.7. 上方资源类型切换（水）时段为（月）选择（2022/08）年点击查询
2.8. 上方资源类型切换（水）时段为（月）选择（2028/08）年点击查询
2.9. 上方资源类型切换（气）时段为（月）选择（2000/08）年点击查询
2.10. 点击下方柱形选择一月时间段
2.11. 点击下方机构能耗分布区域图饼
2.12. 点击分类机构，图饼
3. 按照机构
3.1. 点击左侧机构国家机关
3.2. 重复用例步骤【2】
4. 关键词搜索
4.1. 输入（温州市）
4.2. 输入（温）
4.3. 输入（温州市   ）
4.4. 输入（温州市1）
4.5. 输入（温州市.）
4.6. 输入（温州  市）
4.7. 输入（  温州市）
4.8. 输入（   ）
4.9. 不输入（）
4.10. 输入（！@#）
4.11. 输入（hangzhoushi）
4.12. 输入（杭州市，温州市）","1. 
1.1. 进入能耗资源管理-能耗监测页面默认显示登录省份信息
1.2. 显示柱形统计图，图饼统计图，建筑面积用能数量
2. 
2.1. 切换杭州市能耗页面，显示柱形统计图，图饼统计图，建筑面积用能数量
2.2. 显示杭州市所有下级信息
2.3. 显示选中区域能耗总览
2.4. 查询成功，显示温州市综合能耗信息
2.5. 按照选择时段展示数据
2.6. 显示2022年能耗统计
2.7. 显示2022/08月能耗统计信息
2.8. 暂无数据...
2.9. 暂无数据...
2.10. 显示该时间段能耗总量变化趋势
2.11. 显示选择区域能耗信息
2.12. 显示选择的机构类别信息
3. 
3.1. 切换国家机关能耗页面，显示柱形统计图，图饼统计图，建筑面积用能数量
3.2. 与预期一致
4. 
4.1. 显示温州市
4.2. 显示温州市
4.3. 无数据
4.4. 无数据
4.5. 无数据
4.6. 无数据
4.7. 无数据
4.8. 无数据
4.9. 无数据
4.10. 无数据
4.11. 无数据
4.12. 无数据","成功1. 
1.1. 成功
1.2. 成功
2. 
2.1. 成功
2.2. 成功
2.3. 成功
2.4. 成功
2.5. 成功
2.6. 成功
2.7. 成功
2.8. 成功
2.9. 成功
2.10. 成功
2.11. 成功
2.12. 成功
3. 
3.1. 成功
3.2. 成功
4. 
4.1. 成功
4.2. 成功
4.3. 成功
4.4. 成功
4.5. 成功
4.6. 成功
4.7. 成功
4.8. 成功
4.9. 成功
4.10. 成功
4.11. 成功
4.12. 成功",,3,功能测试,"
功能测试阶段",正常,1,2,28,通过,王梦臣,2022/10/10,王梦臣,2022/11/2,3,,
415,温州市公共机构节能管理平台(#38),/用能总览(#115),,首页--测试用例,"URL：http://121.40.61.197:9000/wzjngl/#/
账号：admin 密码：123456
浏览器：谷歌104版本","1. 登录
1.1. 打开浏览器输入URL
1.2. 输入账号（admin）密码（123456）点击登录
2. 首页
2.1. 点击能耗监测--用能管理
2.2. 继续用例【2.1】
2.3. 点击左侧综合能耗概况（详情）
2.4. 点击综合能耗变化趋势详情
2.5. 点击综合能耗排行榜详情
2.6. 点击下级能耗排名详情
2.7. 点击右侧能耗指标详情
2.8. 点击强度对比（区域）
2.9. 点击强度对比（行业）
2.10. 点击强度对比（详情）
2.11. 点击额定达标详情
3. 模块配置
3.1. 点击右上角模块配置功能
3.2. 继续用例（3.1）
3.3. 点击上方年份
3.4. 点击地图上的杭州区
3.5. 点击临安区，点击上级
4. 能耗模块
4.1. 点击用电总览
4.2. 点击温州市地图
5. 用水总览
5.1. 点击温州市地图
6. 用气总览
6.1. 点击温州市地图
7. 用能足迹
7.1. 点击用能足迹","1. 
1.1. 跳转至登录界面
1.2. 登陆成功，按钮生效进入首页显示能耗监测/节能管理两个选项
2. 
2.1. 进入能耗监测首页-能耗资源管理
2.2. 显示本区域/本级能耗指标以及排名，面积走势图，区域详情
2.3. 跳转至能耗监测界面
2.4. 跳转至-能耗资源管理-能耗分析-趋势分析界面显示区域本年变化趋势
2.5. 进入-节能专项管理-对标/额定分析页面，显示当前区域能耗完成率
2.6. 跳转至-能耗资源管理-能耗分析-占比分析显示下级机构能耗信息
2.7. 进入-节能专项管理-对标/额定分析页面，显示当前区域能耗完成率
2.8. 显示地区名称对比值
2.9. 显示行业对比信息
2.10. 进入-节能专项管理-对标/额定分析页面，显示当前区域能耗完成率
2.11. 进入-节能专项管理-对标/额定分析页面，显示当前区域能耗完成率
3. 
3.1. 按钮生效-跳转至基础功能管理-数据看板设置
3.2. 显示左上，左中，左下，右侧看板内容选择，以及时间变化频率（分钟）
3.3. 切换年份
3.4. 进入杭州市区地图
3.5. 进入临安区详细，返回杭州区
4. 
4.1. 进入浙江省省份用电能耗地图
4.2. 进入温州市省份
5. 
5.1. 进入温州市省份
6. 
6.1. 进入温州市省份
7. 
7.1. 显示所有省用能信息","成功1. 
1.1. 成功
1.2. 成功
2. 
2.1. 成功
2.2. 成功
2.3. 成功
2.4. 成功
2.5. 成功
2.6. 成功
2.7. 成功
2.8. 成功
2.9. 成功
2.10. 成功
2.11. 成功
3. 
3.1. 成功
3.2. 
3.3. 
3.4. 
3.5. 
4. 
4.1. 成功
4.2. 成功
5. 
5.1. 成功
6. 
6.1. 成功
7. 
7.1. 成功",,3,功能测试,"
功能测试阶段",正常,0,1,23,通过,王梦臣,2022/10/9,王梦臣,2022/10/10,3,,
414,温州市公共机构节能管理平台(#38),/用能总览(#115),,用户登录--测试用例,"URL：http://121.40.61.197:9000/wzjngl/#/
账号：admin 密码：123456
温州市：330300C000001 密码：zj123456
浏览器：谷歌104版本","1. 登录
1.1. 打开浏览器输入URL
1.2. 输入账号（admin）密码（123456）点击登录
1.3. 输入账号（admin）密码（123456）点击小眼睛
1.4. 输入账号（admin）密码（123456）关闭小眼睛
1.5. 输入正确账号正确密码-点击记住密码-点击登录
1.6. 点击能耗监测--用能管理
1.7. 点击右上方账号名称点击退出
1.8. 输入账号（wzxw）密码（123456）点击登录
1.9. 输入账号（330300C000001）密码（zj123456）点击登录
1.10. 输入账号（admin  ）密码（123456）点击登录
1.11. 输入账号（ad   min）密码（123456）点击登录
1.12. 输入账号（  admin）密码（123456）点击登录
1.13. 输入账号（admin）密码（  123456）点击登录
1.14. 输入账号（admin）密码（admin79  0902）点击登录
1.15. 输入账号（admin）密码（123456  ）点击登录
1.16. 输入账号（ADmin）密码（123456）点击登录
1.17. 输入账号（admIn）密码（123456）点击登录
1.18. 输入账号（admIN）密码（123456）点击登录
1.19. 输入账号（admin.）密码（123456）点击登录
1.20. 输入账号（330300C000001）密码（Zj123456）点击登录
1.21. 输入账号（330300C000001）密码（Zj123456.）点击登录
1.22. 输入账号（330300C000001）密码（Zj123   456）点击登录
1.23. 输入账号（330300C000001）密码（   Zj123456）点击登录
1.24. 输入账号（330300C000001）密码（Zj123456    ）点击登录
1.25. 输入账号（）密码（123456）点击登录
1.26. 输入账号（      ）密码（123456）点击登录
1.27. 输入账号（浙江力德节能）密码（123456）点击登录
1.28. 输入账号复制的（浙江力德节能）密码（123456）点击登录
1.29. 输入账号复制的（http://111.40.61.197:9000/wzjngl/#/）密码（zj123456）点击登录
1.30. 输入账号（330300C000001）不输入密码（）点击登录","1. 
1.1. 跳转至登录界面
1.2. 登陆成功，按钮生效进入首页
1.3. 密码明文显示
1.4. 密码密文显示
1.5. 登陆成功，下次打开登录界面无需输入密码
1.6. 进入能耗监测首页-能耗资源管理
1.7. 退出账号成功
1.8. 账号不存在
1.9. 登录成功
1.10. 登陆失败！账号或密码错误
1.11. 登陆失败！账号或密码错误
1.12. 登陆失败！账号或密码错误
1.13. 登陆失败！账号或密码错误
1.14. 登陆失败！账号或密码错误
1.15. 登陆失败！账号或密码错误
1.16. 登陆失败！账号或密码错误
1.17. 登陆失败！账号或密码错误
1.18. 登陆失败！账号或密码错误
1.19. 登陆失败！账号或密码错误
1.20. 登陆失败！账号或密码错误
1.21. 登陆失败！账号或密码错误
1.22. 登陆失败！账号或密码错误
1.23. 登陆失败！账号或密码错误
1.24. 
1.25. 登陆失败！账号或密码错误
1.26. 登陆失败！账号或密码错误
1.27. 无法输入
1.28. 无法粘贴
1.29. 登陆失败，超出账号长度
1.30. 请输入密码","成功1. 
1.1. 
1.2. 
1.3. 
1.4. 
1.5. 
1.6. 
1.7. 
1.8. 
1.9. 
1.10. 
1.11. 
1.12. 
1.13. 
1.14. 
1.15. 
1.16. 
1.17. 
1.18. 
1.19. 
1.20. 
1.21. 
1.22. 
1.23. 
1.24. 
1.25. 
1.26. 
1.27. 
1.28. 
1.29. 
1.30.",,3,功能测试,"
功能测试阶段",正常,1,2,30,通过,王梦臣,2022/10/9,王梦臣,2022/11/3,2,,
